Slno,Regn. No.,"CE
102",(3),"CH
101",(4),"CH
111",(2),"CS
101",(4),"CS
111",(2),EAA01,(0),EAA02,(0),"EC
101",(4),"EC
111",(2),"MA
102",(4),"ME
111",(2),GP,SGPA,CGPA,EAA
1,2311001,7,BC,7,BC,10,AA,7,BC,10,AA,,,,,9,AB,9,AB,9,AB,10,AA,227,8.41,7.62,-
2,2311002,5,CD,4,DD,9,AB,4,DD,5,CD,,,,,4,DD,7,BC,5,CD,0,F,125,4.63,4.65,-
3,2311003,5,CD,4,DD,8,BB,5,CD,6,CC,,,,,5,CD,9,AB,5,CD,6,CC,149,5.52,5.56,-
4,2311004,6,CC,5,CD,9,AB,5,CD,6,CC,,,,,5,CD,8,BB,5,CD,9,AB,162,6.00,5.91,-
5,2311005,9,AB,7,BC,10,AA,8,BB,10,AA,,,,,7,BC,9,AB,8,BB,8,BB,221,8.19,6.95,-
6,2311006,6,CC,5,CD,9,AB,6,CC,6,CC,,,,,4,DD,8,BB,5,CD,7,BC,158,5.85,2.87,-
7,2311007,4,DD,5,CD,8,BB,5,CD,8,BB,,,,,4,DD,8,BB,7,BC,10,AA,164,6.07,5.87,-
8,2311008,7,BC,5,CD,10,AA,5,CD,8,BB,,,,,5,CD,8,BB,7,BC,6,CC,173,6.41,6.24,-
9,2311009,7,BC,6,CC,8,BB,7,BC,9,AB,,,,,6,CC,8,BB,5,CD,7,BC,181,6.70,6.33,-
10,2311010,8,BB,8,BB,10,AA,10,AA,10,AA,,,,,9,AB,8,BB,8,BB,8,BB,236,8.74,8.02,-
11,2311011,7,BC,8,BB,10,AA,7,BC,7,BC,,,,,9,AB,9,AB,8,BB,9,AB,219,8.11,7.65,-
12,2311012,9,AB,9,AB,9,AB,7,BC,8,BB,,,,,7,BC,8,BB,9,AB,9,AB,223,8.26,7.31,-
13,2311013,8,BB,8,BB,9,AB,6,CC,6,CC,,,,,7,BC,8,BB,7,BC,9,AB,200,7.41,7.33,-
14,2311014,8,BB,8,BB,9,AB,7,BC,9,AB,,,,,6,CC,9,AB,8,BB,9,AB,212,7.85,7.51,-
15,2311015,6,CC,4,DD,8,BB,5,CD,7,BC,,,,,6,CC,9,AB,6,CC,7,BC,164,6.07,5.24,-
16,2311016,0,F,0,F,0,F,0,F,0,F,,,,,0,F,0,F,0,F,0,F,0,0.00,0,-
17,2311017,7,BC,6,CC,8,BB,6,CC,10,AA,,,,,8,BB,8,BB,8,BB,8,BB,201,7.44,7.33,-
18,2311018,8,BB,9,AB,9,AB,8,BB,8,BB,,,,,8,BB,9,AB,8,BB,10,AA,228,8.44,8.33,-
19,2311019,7,BC,7,BC,9,AB,5,CD,8,BB,,,,,8,BB,9,AB,5,CD,9,AB,191,7.07,6.69,-
20,2311020,9,AB,9,AB,9,AB,7,BC,7,BC,,,,,9,AB,9,AB,9,AB,7,BC,227,8.41,8.07,-
21,2311021,6,CC,5,CD,8,BB,5,CD,8,BB,,,,,7,BC,8,BB,5,CD,7,BC,168,6.22,5.95,-
22,2311022,8,BB,8,BB,10,AA,7,BC,9,AB,,,,,7,BC,9,AB,8,BB,7,BC,214,7.93,7.75,-
23,2311023,7,BC,6,CC,8,BB,5,CD,8,BB,,,,,6,CC,9,AB,5,CD,7,BC,173,6.41,5.98,-
24,2311024,8,BB,7,BC,9,AB,8,BB,9,AB,,,,,6,CC,8,BB,6,CC,10,AA,204,7.56,7.09,-
25,2311025,8,BB,5,CD,9,AB,5,CD,8,BB,,,,,4,DD,8,BB,0,F,7,BC,144,5.33,4.47,-
26,2311026,9,AB,9,AB,9,AB,7,BC,8,BB,,,,,8,BB,8,BB,9,AB,8,BB,225,8.33,8.15,-
27,2311027,10,AA,9,AB,10,AA,8,BB,7,BC,,,,,9,AB,9,AB,8,BB,9,AB,236,8.74,8.62,-
28,2311028,9,AB,8,BB,9,AB,9,AB,9,AB,,,,,9,AB,9,AB,8,BB,9,AB,235,8.70,8.49,-
29,2311029,7,BC,7,BC,10,AA,7,BC,9,AB,,,,,8,BB,8,BB,7,BC,8,BB,207,7.67,7.71,-
Slno,Regn. No.,CE102,(3),CH101,(4),CH111,(2),CS101,(4),CS111,(2),EAA01,(0),EAA02,(0),EC101,(4),EC111,(2),MA102,(4),ME111,(2),GP,SGPA,CGPA,EAA
30,2311030,7,BC,5,CD,9,AB,5,CD,8,BB,,,,,5,CD,8,BB,5,CD,9,AB,169,6.26,5.49,-
31,2311031,10,AA,10,AA,9,AB,9,AB,10,AA,,,,,10,AA,9,AB,10,AA,7,BC,256,9.48,9.29,-
32,2311032,7,BC,8,BB,9,AB,10,AA,10,AA,,,,,7,BC,9,AB,7,BC,7,BC,219,8.11,7.93,-
33,2311033,9,AB,9,AB,9,AB,9,AB,9,AB,,,,,9,AB,10,AA,10,AA,10,AA,251,9.30,9.02,-
34,2311034,7,BC,9,AB,9,AB,7,BC,8,BB,,,,,9,AB,9,AB,8,BB,7,BC,219,8.11,7.69,-
35,2311035,8,BB,8,BB,9,AB,6,CC,7,BC,,,,,8,BB,9,AB,6,CC,7,BC,200,7.41,7.24,-
36,2311036,8,BB,9,AB,9,AB,7,BC,7,BC,,,,,7,BC,8,BB,7,BC,7,BC,206,7.63,7.62,-
37,2311037,9,AB,9,AB,9,AB,8,BB,7,BC,,,,,7,BC,9,AB,7,BC,7,BC,215,7.96,7.93,-
38,2311038,8,BB,9,AB,9,AB,9,AB,7,BC,,,,,9,AB,9,AB,9,AB,9,AB,236,8.74,8.64,-
39,2311039,7,BC,6,CC,10,AA,6,CC,9,AB,,,,,7,BC,8,BB,6,CC,7,BC,189,7.00,6.42,-
40,2311040,4,DD,4,DD,8,BB,5,CD,6,CC,,,,,4,DD,8,BB,4,DD,8,BB,140,5.19,4.76,-
41,2311041,7,BC,9,AB,10,AA,8,BB,9,AB,,,,,7,BC,9,AB,9,AB,9,AB,227,8.41,8.22,-
42,2311042,6,CC,6,CC,9,AB,5,CD,8,BB,,,,,5,CD,10,AA,8,BB,7,BC,182,6.74,6.87,-
43,2311043,8,BB,6,CC,10,AA,7,BC,10,AA,,,,,5,CD,8,BB,6,CC,6,CC,188,6.96,7.15,-
44,2311044,8,BB,5,CD,9,AB,6,CC,9,AB,,,,,6,CC,9,AB,5,CD,9,AB,184,6.81,6.4,-
45,2311045,8,BB,4,DD,9,AB,7,BC,9,AB,,,,,4,DD,6,CC,0,F,7,BC,146,5.41,4.56,-
46,2311046,10,AA,9,AB,8,BB,9,AB,10,AA,,,,,9,AB,8,BB,8,BB,8,BB,238,8.81,8.6,-
47,2311047,6,CC,5,CD,9,AB,6,CC,6,CC,,,,,5,CD,7,BC,6,CC,6,CC,162,6.00,5.89,-
48,2311048,10,AA,9,AB,9,AB,8,BB,9,AB,,,,,7,BC,9,AB,8,BB,9,AB,230,8.52,7.84,-
49,2311049,7,BC,6,CC,9,AB,5,CD,8,BB,,,,,4,DD,6,CC,5,CD,7,BC,161,5.96,5.29,-
50,2311050,6,CC,5,CD,10,AA,6,CC,9,AB,,,,,7,BC,8,BB,7,BC,8,BB,188,6.96,6.67,-
51,2311051,6,CC,6,CC,8,BB,6,CC,6,CC,,,,,5,CD,7,BC,6,CC,7,BC,166,6.15,5.76,-
52,2311052,8,BB,6,CC,9,AB,7,BC,8,BB,,,,,6,CC,9,AB,8,BB,9,AB,202,7.48,6.87,-
53,2311053,7,BC,5,CD,9,AB,6,CC,7,BC,,,,,5,CD,8,BB,5,CD,8,BB,169,6.26,5.65,-
54,2311054,9,AB,7,BC,9,AB,7,BC,7,BC,,,,,6,CC,8,BB,7,BC,6,CC,195,7.22,6.82,-
55,2311055,7,BC,6,CC,9,AB,7,BC,9,AB,,,,,7,BC,8,BB,7,BC,10,AA,201,7.44,7.04,-
56,2311056,7,BC,6,CC,10,AA,7,BC,7,BC,,,,,7,BC,9,AB,9,AB,9,AB,207,7.67,7.4,-
57,2311057,7,BC,7,BC,9,AB,8,BB,10,AA,,,,,6,CC,8,BB,7,BC,9,AB,205,7.59,6.96,-
58,2311059,9,AB,8,BB,10,AA,5,CD,6,CC,,,,,7,BC,9,AB,7,BC,8,BB,201,7.44,6.78,-
59,2311060,8,BB,9,AB,10,AA,7,BC,8,BB,,,,,8,BB,10,AA,8,BB,10,AA,228,8.44,7.55,-
60,2311061,7,BC,7,BC,10,AA,9,AB,8,BB,,,,,8,BB,9,AB,9,AB,8,BB,223,8.26,7.93,-
61,2311062,9,AB,8,BB,9,AB,7,BC,9,AB,,,,,8,BB,9,AB,7,BC,7,BC,215,7.96,7.98,-
62,2311063,8,BB,7,BC,10,AA,9,AB,9,AB,,,,,7,BC,10,AA,8,BB,9,AB,224,8.30,7.84,-
63,2311064,8,BB,7,BC,10,AA,6,CC,8,BB,,,,,7,BC,10,AA,7,BC,9,AB,206,7.63,6.84,-
64,2311065,6,CC,5,CD,10,AA,5,CD,8,BB,,,,,5,CD,8,BB,4,DD,9,AB,164,6.07,5.91,-
65,2311066,8,BB,8,BB,9,AB,5,CD,7,BC,,,,,7,BC,9,AB,8,BB,9,AB,204,7.56,7.29,-
66,2311067,7,BC,7,BC,10,AA,5,CD,6,CC,,,,,6,CC,6,CC,7,BC,6,CC,177,6.56,6.53,-
67,2311068,9,AB,9,AB,10,AA,7,BC,7,BC,,,,,8,BB,9,AB,9,AB,10,AA,231,8.56,8.25,-
Slno,Regn. No.,CE102,(3),CH101,(4),CH111,(2),CS101,(4),CS111,(2),EAA01,(0),EAA02,(0),EC101,(4),EC111,(2),MA102,(4),ME111,(2),GP,SGPA,CGPA,EAA
68,2311069,6,CC,6,CC,9,AB,5,CD,6,CC,,,,,5,CD,8,BB,5,CD,7,BC,162,6.00,6.09,-
69,2311070,8,BB,9,AB,9,AB,8,BB,10,AA,,,,,9,AB,9,AB,9,AB,7,BC,234,8.67,8.36,-
70,2311071,8,BB,7,BC,9,AB,9,AB,9,AB,,,,,8,BB,10,AA,8,BB,8,BB,224,8.30,7.05,-
71,2311072,9,AB,9,AB,9,AB,7,BC,7,BC,,,,,8,BB,10,AA,7,BC,8,BB,219,8.11,7.82,-
72,2311073,9,AB,8,BB,10,AA,6,CC,8,BB,,,,,7,BC,9,AB,7,BC,9,AB,211,7.81,7.58,-
73,2311074,8,BB,8,BB,9,AB,6,CC,9,AB,,,,,5,CD,8,BB,6,CC,9,AB,194,7.19,6.82,-
74,2311075,8,BB,6,CC,10,AA,6,CC,9,AB,,,,,6,CC,9,AB,5,CD,9,AB,190,7.04,6.55,-
75,2311076,8,BB,6,CC,10,AA,7,BC,8,BB,,,,,5,CD,8,BB,6,CC,9,AB,190,7.04,5.98,-
76,2311077,9,AB,8,BB,10,AA,6,CC,8,BB,,,,,7,BC,8,BB,7,BC,8,BB,207,7.67,7.31,-
77,2311078,7,BC,7,BC,9,AB,8,BB,7,BC,,,,,7,BC,7,BC,9,AB,8,BB,207,7.67,7.51,-
78,2311079,10,AA,9,AB,9,AB,7,BC,8,BB,,,,,8,BB,7,BC,9,AB,10,AA,230,8.52,8.38,-
79,2311080,8,BB,8,BB,9,AB,7,BC,10,AA,,,,,7,BC,9,AB,7,BC,10,AA,216,8.00,7.62,-
80,2311081,7,BC,6,CC,9,AB,5,CD,8,BB,,,,,5,CD,8,BB,5,CD,7,BC,169,6.26,5.84,-
81,2311082,8,BB,7,BC,9,AB,7,BC,9,AB,,,,,6,CC,8,BB,7,BC,7,BC,198,7.33,7.18,-
82,2311083,7,BC,6,CC,10,AA,8,BB,9,AB,,,,,5,CD,10,AA,5,CD,7,BC,189,7.00,6.4,-
83,2311084,8,BB,7,BC,9,AB,8,BB,9,AB,,,,,7,BC,9,AB,7,BC,7,BC,208,7.70,7.2,-
84,2311085,7,BC,6,CC,9,AB,5,CD,8,BB,,,,,5,CD,9,AB,4,DD,6,CC,165,6.11,5.6,-
85,2311086,7,BC,5,CD,9,AB,7,BC,9,AB,,,,,5,CD,9,AB,8,BB,6,CC,187,6.93,6.45,-
86,2311087,5,CD,4,DD,9,AB,5,CD,8,BB,,,,,7,BC,8,BB,5,CD,6,CC,161,5.96,5.71,-
87,2311088,7,BC,5,CD,9,AB,6,CC,8,BB,,,,,0,F,9,AB,4,DD,7,BC,147,5.44,4.64,-
88,2311089,6,CC,5,CD,9,AB,7,BC,7,BC,,,,,4,DD,8,BB,0,F,7,BC,144,5.33,4.91,-
89,2311090,4,DD,4,DD,9,AB,5,CD,7,BC,,,,,4,DD,7,BC,4,DD,5,CD,136,5.04,3.58,-
90,2311091,6,CC,5,CD,9,AB,5,CD,8,BB,,,,,4,DD,9,AB,4,DD,7,BC,156,5.78,4.6,-
91,2311092,7,BC,8,BB,9,AB,9,AB,9,AB,,,,,7,BC,8,BB,8,BB,6,CC,213,7.89,7.93,-
92,2311093,7,BC,7,BC,9,AB,7,BC,7,BC,,,,,6,CC,9,AB,6,CC,5,CD,185,6.85,6.38,-
93,2311094,8,BB,9,AB,9,AB,8,BB,9,AB,,,,,7,BC,10,AA,10,AA,7,BC,230,8.52,8.02,-
94,2311095,8,BB,6,CC,9,AB,6,CC,6,CC,,,,,5,CD,9,AB,5,CD,5,CD,170,6.30,6.31,-
95,2311096,7,BC,6,CC,9,AB,9,AB,10,AA,,,,,8,BB,10,AA,6,CC,8,BB,211,7.81,7.07,-
96,2311097,5,CD,0,F,9,AB,0,F,6,CC,,,,,4,DD,8,BB,0,F,6,CC,89,3.30,3.04,-
97,2311098,7,BC,7,BC,10,AA,8,BB,9,AB,,,,,6,CC,10,AA,8,BB,7,BC,209,7.74,7.15,-
98,2311099,9,AB,8,BB,10,AA,10,AA,10,AA,,,,,7,BC,10,AA,8,BB,10,AA,239,8.85,8.25,-
99,2311100,8,BB,7,BC,9,AB,9,AB,7,BC,,,,,7,BC,10,AA,8,BB,7,BC,214,7.93,7.51,-
100,2311101,7,BC,9,AB,9,AB,8,BB,7,BC,,,,,7,BC,9,AB,9,AB,7,BC,217,8.04,7.33,-
101,2311102,8,BB,6,CC,9,AB,7,BC,8,BB,,,,,6,CC,8,BB,6,CC,7,BC,188,6.96,6.24,-
102,2311103,6,CC,6,CC,9,AB,8,BB,9,AB,,,,,6,CC,9,AB,8,BB,7,BC,198,7.33,7.42,-
103,2311104,8,BB,8,BB,10,AA,8,BB,8,BB,,,,,7,BC,9,AB,6,CC,7,BC,208,7.70,7.38,-
104,2311105,8,BB,7,BC,9,AB,9,AB,10,AA,,,,,8,BB,10,AA,8,BB,8,BB,226,8.37,8.24,-
105,2311106,6,CC,6,CC,9,AB,8,BB,10,AA,,,,,7,BC,9,AB,8,BB,9,AB,208,7.70,7.2,-
Slno,Regn. No.,CE102,(3),CH101,(4),CH111,(2),CS101,(4),CS111,(2),EAA01,(0),EAA02,(0),EC101,(4),EC111,(2),MA102,(4),ME111,(2),GP,SGPA,CGPA,EAA
106,2311107,6,CC,5,CD,10,AA,7,BC,8,BB,,,,,7,BC,10,AA,7,BC,9,AB,196,7.26,6.51,-
107,2311108,10,AA,8,BB,9,AB,9,AB,7,BC,,,,,8,BB,10,AA,6,CC,10,AA,226,8.37,7.58,-
108,2311109,6,CC,5,CD,9,AB,7,BC,7,BC,,,,,6,CC,10,AA,6,CC,8,BB,182,6.74,5.27,-
109,2311110,7,BC,6,CC,9,AB,7,BC,7,BC,,,,,7,BC,9,AB,6,CC,7,BC,189,7.00,7.22,-
110,2311111,7,BC,5,CD,9,AB,6,CC,7,BC,,,,,6,CC,9,AB,4,DD,7,BC,169,6.26,5.71,-
111,2311112,6,CC,6,CC,9,AB,5,CD,7,BC,,,,,5,CD,8,BB,5,CD,6,CC,162,6.00,5.2,-
112,2311113,7,BC,6,CC,9,AB,7,BC,10,AA,,,,,8,BB,9,AB,7,BC,8,BB,205,7.59,6.55,-
113,2311114,4,DD,4,DD,9,AB,5,CD,7,BC,,,,,5,CD,9,AB,5,CD,7,BC,152,5.63,4.64,-
114,2311115,5,CD,0,F,9,AB,4,DD,7,BC,,,,,4,DD,8,BB,0,F,7,BC,109,4.04,3.24,-
115,2311116,6,CC,6,CC,9,AB,7,BC,8,BB,,,,,6,CC,8,BB,5,CD,6,CC,176,6.52,6.05,-
116,2311117,6,CC,6,CC,9,AB,7,BC,8,BB,,,,,6,CC,9,AB,8,BB,8,BB,194,7.19,6.36,-
117,2311118,6,CC,4,DD,9,AB,7,BC,7,BC,,,,,4,DD,8,BB,6,CC,8,BB,166,6.15,5.25,-
118,2311119,8,BB,7,BC,10,AA,9,AB,8,BB,,,,,8,BB,10,AA,8,BB,9,AB,226,8.37,7.85,-
119,2311120,7,BC,7,BC,10,AA,8,BB,8,BB,,,,,5,CD,10,AA,7,BC,7,BC,199,7.37,7.36,-
120,2311121,9,AB,7,BC,9,AB,6,CC,10,AA,,,,,7,BC,10,AA,6,CC,9,AB,207,7.67,7.31,-
121,2311122,6,CC,5,CD,9,AB,6,CC,7,BC,,,,,5,CD,9,AB,6,CC,7,BC,170,6.30,6.05,-
122,2311123,7,BC,5,CD,9,AB,6,CC,9,AB,,,,,4,DD,9,AB,4,DD,6,CC,163,6.04,4.98,-
123,2311124,6,CC,4,DD,9,AB,7,BC,9,AB,,,,,4,DD,8,BB,4,DD,6,CC,158,5.85,5.47,-
124,2311125,8,BB,7,BC,10,AA,8,BB,10,AA,,,,,7,BC,9,AB,6,CC,8,BB,210,7.78,6.89,-
125,2311126,6,CC,6,CC,9,AB,8,BB,7,BC,,,,,6,CC,9,AB,5,CD,6,CC,180,6.67,6.16,-
126,2311127,9,AB,7,BC,9,AB,7,BC,8,BB,,,,,7,BC,8,BB,5,CD,6,CC,193,7.15,6.67,-
127,2311128,9,AB,8,BB,10,AA,8,BB,9,AB,,,,,7,BC,9,AB,8,BB,9,AB,225,8.33,8.35,-
128,2311130,6,CC,5,CD,9,AB,8,BB,10,AA,,,,,5,CD,9,AB,7,BC,6,CC,186,6.89,6.45,-
129,2311131,7,BC,6,CC,9,AB,6,CC,7,BC,,,,,5,CD,9,AB,6,CC,8,BB,179,6.63,5.89,-
130,2311132,7,BC,6,CC,9,AB,7,BC,7,BC,,,,,7,BC,9,AB,7,BC,7,BC,193,7.15,6.96,-
131,2311133,9,AB,9,AB,10,AA,9,AB,10,AA,,,,,8,BB,10,AA,10,AA,10,AA,251,9.30,8.65,-
132,2311134,8,BB,7,BC,10,AA,8,BB,10,AA,,,,,8,BB,10,AA,7,BC,8,BB,220,8.15,7.56,-
133,2311135,6,CC,6,CC,10,AA,8,BB,7,BC,,,,,6,CC,9,AB,6,CC,6,CC,186,6.89,6.65,-
134,2311136,8,BB,6,CC,10,AA,8,BB,7,BC,,,,,7,BC,9,AB,7,BC,8,BB,204,7.56,7.44,-
135,2311137,7,BC,8,BB,10,AA,9,AB,10,AA,,,,,7,BC,10,AA,9,AB,8,BB,229,8.48,8.18,-
136,2311138,8,BB,8,BB,10,AA,9,AB,10,AA,,,,,7,BC,9,AB,7,BC,8,BB,222,8.22,8.02,-
137,2311139,4,DD,0,F,9,AB,0,F,6,CC,,,,,4,DD,8,BB,0,F,6,CC,86,3.19,3.04,-
138,2311140,10,AA,8,BB,10,AA,10,AA,10,AA,,,,,9,AB,10,AA,9,AB,9,AB,252,9.33,9.45,-
139,2311141,10,AA,7,BC,9,AB,8,BB,10,AA,,,,,7,BC,10,AA,8,BB,9,AB,226,8.37,7.89,-
140,2311142,8,BB,9,AB,10,AA,9,AB,10,AA,,,,,7,BC,9,AB,8,BB,9,AB,232,8.59,7.53,-
141,2311143,8,BB,8,BB,10,AA,7,BC,10,AA,,,,,7,BC,10,AA,8,BB,9,AB,222,8.22,7.85,-
142,2311144,7,BC,7,BC,10,AA,6,CC,9,AB,,,,,6,CC,9,AB,7,BC,7,BC,195,7.22,7.07,-
143,2311145,7,BC,7,BC,10,AA,6,CC,8,BB,,,,,5,CD,8,BB,5,CD,6,CC,177,6.56,6.67,-
Slno,Regn. No.,CE102,(3),CH101,(4),CH111,(2),CS101,(4),CS111,(2),EAA01,(0),EAA02,(0),EC101,(4),EC111,(2),MA102,(4),ME111,(2),GP,SGPA,CGPA,EAA
144,2311146,10,AA,7,BC,10,AA,7,BC,10,AA,,,,,7,BC,9,AB,8,BB,10,AA,224,8.30,7.87,-
145,2311147,6,CC,7,BC,10,AA,7,BC,10,AA,,,,,7,BC,9,AB,6,CC,10,AA,204,7.56,7.47,-
146,2311148,10,AA,8,BB,10,AA,10,AA,10,AA,,,,,8,BB,9,AB,9,AB,10,AA,248,9.19,8.42,-
147,2311149,8,BB,8,BB,10,AA,6,CC,6,CC,,,,,7,BC,9,AB,6,CC,8,BB,198,7.33,7.33,-
148,2311150,9,AB,7,BC,10,AA,7,BC,9,AB,,,,,7,BC,8,BB,7,BC,9,AB,211,7.81,7.75,-
149,2311151,5,CD,4,DD,9,AB,5,CD,7,BC,,,,,5,CD,8,BB,4,DD,6,CC,147,5.44,4.18,-
150,2311152,5,CD,4,DD,9,AB,0,F,6,CC,,,,,4,DD,9,AB,4,DD,7,BC,125,4.63,3.67,-
151,2311153,4,DD,4,DD,9,AB,4,DD,7,BC,,,,,5,CD,9,AB,4,DD,8,BB,146,5.41,5.36,-
152,2311154,8,BB,6,CC,9,AB,8,BB,10,AA,,,,,5,CD,10,AA,4,DD,9,AB,192,7.11,5.45,-
153,2311155,0,F,0,F,9,AB,0,F,6,CC,,,,,0,F,9,AB,4,DD,6,CC,76,2.81,2.73,-
154,2311156,5,CD,4,DD,9,AB,6,CC,6,CC,,,,,5,CD,10,AA,5,CD,8,BB,161,5.96,3.93,-
Slno,Regn. No.,CE 101,(3),EE 101,(4),EE 111,(2),HS 101,(3),HS 111,(2),MA 102,(4),ME 101,(4),PH 101,(4),PH 111,(2),GP,SGPA,CGPA,EAA
1,2312001,7,BC,8,BB,9,AB,7,BC,8,BB,8,BB,6,CC,6,CC,8,BB,204,7.29,7.64,-
2,2312002,6,CC,7,BC,10,AA,8,BB,9,AB,5,CD,0,F,5,CD,8,BB,164,5.86,6.2,-
3,2312003,7,BC,10,AA,10,AA,9,AB,9,AB,10,AA,9,AB,10,AA,8,BB,258,9.21,9.29,-
4,2312004,7,BC,10,AA,10,AA,9,AB,9,AB,10,AA,9,AB,10,AA,8,BB,258,9.21,9.16,-
5,2312005,6,CC,6,CC,9,AB,8,BB,9,AB,7,BC,7,BC,5,CD,7,BC,192,6.86,7.16,-
6,2312006,5,CD,4,DD,7,BC,5,CD,9,AB,4,DD,0,F,4,DD,6,CC,122,4.36,5.2,-
7,2312007,4,DD,7,BC,9,AB,6,CC,8,BB,6,CC,4,DD,6,CC,7,BC,170,6.07,6.33,-
8,2312008,5,CD,8,BB,9,AB,5,CD,9,AB,7,BC,5,CD,5,CD,7,BC,180,6.43,6.55,-
9,2312009,4,DD,8,BB,9,AB,8,BB,9,AB,6,CC,4,DD,6,CC,6,CC,180,6.43,6.49,-
10,2312010,5,CD,7,BC,9,AB,9,AB,9,AB,5,CD,4,DD,6,CC,7,BC,180,6.43,6.8,-
11,2312011,5,CD,10,AA,10,AA,8,BB,9,AB,9,AB,7,BC,8,BB,8,BB,229,8.18,8.29,-
12,2312012,7,BC,9,AB,10,AA,7,BC,9,AB,8,BB,8,BB,8,BB,8,BB,228,8.14,7.98,-
13,2312013,4,DD,5,CD,8,BB,7,BC,9,AB,5,CD,0,F,5,CD,6,CC,139,4.96,5.82,-
14,2312014,8,BB,8,BB,10,AA,9,AB,6,CC,8,BB,4,DD,8,BB,8,BB,211,7.54,6.69,-
15,2312015,7,BC,7,BC,10,AA,9,AB,9,AB,6,CC,0,F,5,CD,7,BC,172,6.14,6.73,-
16,2312016,4,DD,5,CD,9,AB,7,BC,9,AB,4,DD,0,F,4,DD,6,CC,133,4.75,5.36,-
17,2312017,4,DD,4,DD,8,BB,7,BC,7,BC,5,CD,0,F,0,F,4,DD,107,3.82,4.33,-
18,2312018,4,DD,4,DD,8,BB,6,CC,9,AB,4,DD,0,F,4,DD,5,CD,122,4.36,4.49,-
19,2312019,7,BC,9,AB,10,AA,8,BB,9,AB,9,AB,6,CC,9,AB,8,BB,231,8.25,8.45,-
20,2312020,9,AB,8,BB,10,AA,7,BC,9,AB,10,AA,8,BB,8,BB,9,AB,240,8.57,8.91,-
21,2312021,9,AB,10,AA,10,AA,10,AA,9,AB,10,AA,7,BC,10,AA,9,AB,261,9.32,9.47,-
22,2312022,7,BC,5,CD,10,AA,6,CC,9,AB,5,CD,0,F,6,CC,0,F,141,5.04,5.36,-
23,2312023,6,CC,6,CC,10,AA,8,BB,9,AB,7,BC,6,CC,5,CD,10,AA,196,7.00,6.89,-
24,2312024,7,BC,7,BC,10,AA,7,BC,9,AB,8,BB,8,BB,9,AB,10,AA,228,8.14,8.13,-
25,2312025,9,AB,10,AA,10,AA,10,AA,9,AB,9,AB,9,AB,7,BC,9,AB,253,9.04,8.75,-
26,2312026,8,BB,8,BB,10,AA,9,AB,9,AB,7,BC,5,CD,9,AB,8,BB,221,7.89,7.49,-
27,2312027,0,F,0,F,0,F,0,F,0,F,0,F,0,F,0,F,0,F,0,0.00,2.64,-
28,2312028,6,CC,9,AB,9,AB,8,BB,9,AB,8,BB,7,BC,8,BB,10,AA,226,8.07,8.47,-
29,2312029,9,AB,10,AA,10,AA,8,BB,9,AB,9,AB,6,CC,9,AB,9,AB,243,8.68,8.35,-
30,2312030,6,CC,9,AB,10,AA,10,AA,9,AB,7,BC,5,CD,9,AB,10,AA,226,8.07,8.02,-
Slno,Regn. No.,CE 101,(3),EE 101,(4),EE 111,(2),HS 101,(3),HS 111,(2),MA 102,(4),ME 101,(4),PH 101,(4),PH 111,(2),GP,SGPA,CGPA,EAA
31,2312031,5,CD,8,BB,10,AA,7,BC,9,AB,7,BC,6,CC,8,BB,9,AB,208,7.43,7.47,-
32,2312032,6,CC,7,BC,10,AA,9,AB,8,BB,7,BC,4,DD,6,CC,8,BB,193,6.89,7.56,-
33,2312033,8,BB,9,AB,9,AB,9,AB,8,BB,8,BB,7,BC,8,BB,9,AB,231,8.25,8.45,-
34,2312034,8,BB,8,BB,10,AA,8,BB,8,BB,6,CC,6,CC,6,CC,9,AB,206,7.36,7.05,-
35,2312035,7,BC,9,AB,10,AA,8,BB,6,CC,8,BB,5,CD,8,BB,10,AA,217,7.75,7.76,-
36,2312036,5,CD,7,BC,9,AB,7,BC,9,AB,6,CC,4,DD,7,BC,8,BB,184,6.57,6.89,-
37,2312037,9,AB,10,AA,10,AA,10,AA,9,AB,8,BB,5,CD,10,AA,10,AA,247,8.82,8.82,-
38,2312038,6,CC,10,AA,10,AA,9,AB,9,AB,8,BB,10,AA,9,AB,8,BB,247,8.82,8.22,-
39,2312039,5,CD,7,BC,9,AB,8,BB,9,AB,8,BB,6,CC,10,AA,9,AB,217,7.75,7.38,-
40,2312040,5,CD,6,CC,9,AB,8,BB,9,AB,6,CC,4,DD,7,BC,7,BC,181,6.46,7.16,-
41,2312041,5,CD,9,AB,10,AA,8,BB,9,AB,7,BC,7,BC,10,AA,9,AB,227,8.11,7.42,-
42,2312042,5,CD,7,BC,9,AB,7,BC,9,AB,8,BB,6,CC,9,AB,8,BB,208,7.43,6.8,-
43,2312043,8,BB,8,BB,10,AA,8,BB,9,AB,8,BB,5,CD,8,BB,9,AB,220,7.86,7.64,-
44,2312044,7,BC,8,BB,10,AA,9,AB,9,AB,8,BB,5,CD,7,BC,10,AA,218,7.79,7.82,-
45,2312045,7,BC,10,AA,10,AA,7,BC,9,AB,7,BC,5,CD,9,AB,9,AB,222,7.93,7.58,-
46,2312046,7,BC,7,BC,10,AA,7,BC,9,AB,5,CD,7,BC,6,CC,9,AB,198,7.07,6.65,-
47,2312047,8,BB,10,AA,10,AA,10,AA,9,AB,8,BB,5,CD,9,AB,10,AA,240,8.57,8.69,-
48,2312048,7,BC,7,BC,10,AA,9,AB,8,BB,7,BC,5,CD,7,BC,9,AB,206,7.36,7.45,-
49,2312049,6,CC,7,BC,10,AA,6,CC,9,AB,5,CD,4,DD,5,CD,9,AB,176,6.29,6.36,-
50,2312050,4,DD,0,F,9,AB,4,DD,9,AB,4,DD,0,F,0,F,6,CC,88,3.14,3.96,-
51,2312051,6,CC,7,BC,10,AA,9,AB,7,BC,6,CC,5,CD,6,CC,9,AB,193,6.89,7.11,-
52,2312052,8,BB,9,AB,10,AA,8,BB,9,AB,8,BB,6,CC,10,AA,9,AB,236,8.43,8.2,-
53,2312053,7,BC,10,AA,10,AA,9,AB,9,AB,8,BB,10,AA,10,AA,10,AA,258,9.21,8.85,-
54,2312054,9,AB,9,AB,9,AB,9,AB,8,BB,8,BB,8,BB,9,AB,9,AB,242,8.64,8.6,-
55,2312055,7,BC,9,AB,9,AB,7,BC,9,AB,6,CC,6,CC,9,AB,8,BB,214,7.64,7.42,-
56,2312056,8,BB,8,BB,10,AA,9,AB,9,AB,8,BB,8,BB,9,AB,10,AA,241,8.61,8.42,-
57,2312057,7,BC,9,AB,10,AA,9,AB,9,AB,8,BB,6,CC,7,BC,9,AB,224,8.00,8.13,-
58,2312058,6,CC,6,CC,10,AA,7,BC,6,CC,7,BC,4,DD,6,CC,9,AB,181,6.46,6.71,-
59,2312059,7,BC,8,BB,10,AA,9,AB,9,AB,7,BC,7,BC,8,BB,10,AA,226,8.07,7.89,-
60,2312060,9,AB,8,BB,9,AB,9,AB,9,AB,8,BB,6,CC,10,AA,9,AB,236,8.43,8.58,-
61,2312061,7,BC,9,AB,9,AB,8,BB,9,AB,9,AB,6,CC,9,AB,10,AA,233,8.32,8.31,-
62,2312062,6,CC,8,BB,9,AB,7,BC,9,AB,6,CC,5,CD,6,CC,9,AB,193,6.89,6.65,-
63,2312063,4,DD,9,AB,9,AB,9,AB,9,AB,7,BC,5,CD,8,BB,8,BB,207,7.39,7.38,-
64,2312064,5,CD,8,BB,10,AA,9,AB,9,AB,9,AB,6,CC,6,CC,9,AB,214,7.64,7.75,-
65,2312065,5,CD,7,BC,9,AB,8,BB,9,AB,6,CC,5,CD,7,BC,9,AB,193,6.89,7.13,-
66,2312066,6,CC,7,BC,9,AB,9,AB,9,AB,8,BB,5,CD,7,BC,8,BB,205,7.32,7.16,-
67,2312067,6,CC,7,BC,9,AB,9,AB,9,AB,8,BB,5,CD,7,BC,9,AB,207,7.39,7.29,-
68,2312068,5,CD,8,BB,10,AA,10,AA,9,AB,7,BC,5,CD,7,BC,9,AB,209,7.46,7.44,-
Slno,Regn. No.,CE 101,(3),EE 101,(4),EE 111,(2),HS 101,(3),HS 111,(2),MA 102,(4),ME 101,(4),PH 101,(4),PH 111,(2),GP,SGPA,CGPA,EAA
69,2312069,7,BC,10,AA,10,AA,10,AA,9,AB,7,BC,5,CD,9,AB,8,BB,229,8.18,8.55,-
70,2312070,6,CC,8,BB,10,AA,8,BB,9,AB,8,BB,4,DD,9,AB,8,BB,212,7.57,7.29,-
71,2312071,6,CC,9,AB,10,AA,9,AB,8,BB,8,BB,8,BB,9,AB,9,AB,235,8.39,7.89,-
72,2312072,9,AB,10,AA,10,AA,10,AA,9,AB,10,AA,7,BC,10,AA,9,AB,261,9.32,9.35,-
73,2312073,8,BB,10,AA,10,AA,10,AA,9,AB,9,AB,7,BC,10,AA,9,AB,254,9.07,9.13,-
74,2312074,7,BC,9,AB,9,AB,9,AB,9,AB,8,BB,5,CD,8,BB,9,AB,222,7.93,7.82,-
75,2312075,8,BB,10,AA,10,AA,9,AB,9,AB,9,AB,7,BC,9,AB,9,AB,247,8.82,8.47,-
76,2312076,9,AB,10,AA,10,AA,9,AB,9,AB,9,AB,7,BC,9,AB,10,AA,252,9.00,8.95,-
77,2312077,5,CD,8,BB,10,AA,8,BB,9,AB,8,BB,5,CD,7,BC,8,BB,205,7.32,7.49,-
78,2312078,8,BB,10,AA,10,AA,9,AB,9,AB,8,BB,9,AB,10,AA,9,AB,255,9.11,8.69,-
79,2312079,5,CD,7,BC,10,AA,10,AA,9,AB,7,BC,6,CC,8,BB,9,AB,213,7.61,7.96,-
80,2312080,7,BC,9,AB,10,AA,9,AB,9,AB,7,BC,7,BC,8,BB,9,AB,228,8.14,7.98,-
81,2312081,5,CD,7,BC,10,AA,8,BB,9,AB,6,CC,6,CC,6,CC,9,AB,195,6.96,6.58,-
82,2312082,4,DD,7,BC,9,AB,9,AB,9,AB,8,BB,6,CC,6,CC,7,BC,197,7.04,6.82,-
83,2312083,6,CC,7,BC,10,AA,8,BB,9,AB,7,BC,8,BB,7,BC,8,BB,212,7.57,7.71,-
84,2312084,6,CC,9,AB,9,AB,9,AB,9,AB,8,BB,7,BC,6,CC,9,AB,219,7.82,7.67,-
85,2312085,5,CD,7,BC,9,AB,7,BC,9,AB,6,CC,7,BC,5,CD,8,BB,188,6.71,6.47,-
86,2312086,6,CC,8,BB,10,AA,8,BB,6,CC,8,BB,5,CD,8,BB,9,AB,208,7.43,7.33,-
87,2312087,6,CC,7,BC,10,AA,9,AB,8,BB,7,BC,5,CD,8,BB,9,AB,207,7.39,7.82,-
88,2312088,8,BB,9,AB,10,AA,8,BB,9,AB,7,BC,9,AB,8,BB,10,AA,238,8.50,7.78,-
89,2312089,7,BC,9,AB,10,AA,8,BB,8,BB,6,CC,7,BC,6,CC,8,BB,209,7.46,7.02,-
90,2312090,9,AB,10,AA,10,AA,10,AA,9,AB,8,BB,6,CC,9,AB,9,AB,245,8.75,9.07,-
91,2312091,6,CC,4,DD,8,BB,8,BB,7,BC,4,DD,4,DD,5,CD,7,BC,154,5.50,6.16,-
92,2312092,8,BB,7,BC,9,AB,9,AB,7,BC,9,AB,7,BC,7,BC,9,AB,221,7.89,8.49,-
93,2312093,7,BC,5,CD,8,BB,7,BC,7,BC,4,DD,5,CD,6,CC,7,BC,166,5.93,5.38,-
94,2312094,8,BB,0,F,8,BB,8,BB,7,BC,0,F,0,F,0,F,8,BB,94,3.36,4.22,-
95,2312095,8,BB,7,BC,9,AB,9,AB,7,BC,8,BB,5,CD,7,BC,9,AB,209,7.46,7.64,-
96,2312096,8,BB,9,AB,8,BB,9,AB,8,BB,9,AB,10,AA,8,BB,9,AB,245,8.75,8.73,-
97,2312097,8,BB,6,CC,7,BC,7,BC,8,BB,7,BC,6,CC,7,BC,8,BB,195,6.96,7.4,-
98,2312098,9,AB,7,BC,9,AB,9,AB,8,BB,10,AA,8,BB,9,AB,9,AB,242,8.64,8.95,-
99,2312099,9,AB,8,BB,8,BB,9,AB,8,BB,9,AB,8,BB,9,AB,9,AB,240,8.57,8.95,-
100,2312100,8,BB,8,BB,9,AB,9,AB,8,BB,8,BB,4,DD,8,BB,10,AA,217,7.75,8.11,-
101,2312101,6,CC,4,DD,8,BB,7,BC,8,BB,4,DD,0,F,4,DD,7,BC,133,4.75,5.13,-
102,2312102,6,CC,5,CD,9,AB,9,AB,8,BB,6,CC,5,CD,6,CC,6,CC,179,6.39,6.87,-
103,2312103,8,BB,7,BC,9,AB,9,AB,8,BB,9,AB,8,BB,8,BB,9,AB,231,8.25,8.11,-
104,2312104,5,CD,5,CD,8,BB,7,BC,8,BB,4,DD,0,F,6,CC,9,AB,146,5.21,5.29,-
105,2312105,6,CC,6,CC,9,AB,9,AB,8,BB,9,AB,9,AB,7,BC,9,AB,221,7.89,7.71,-
106,2312106,8,BB,6,CC,9,AB,8,BB,8,BB,8,BB,5,CD,7,BC,8,BB,202,7.21,7.44,-
Slno,Regn. No.,CE 101,(3),EE 101,(4),EE 111,(2),HS 101,(3),HS 111,(2),MA 102,(4),ME 101,(4),PH 101,(4),PH 111,(2),GP,SGPA,CGPA,EAA
107,2312107,7,BC,8,BB,9,AB,9,AB,8,BB,10,AA,8,BB,10,AA,8,BB,242,8.64,8.91,-
108,2312108,8,BB,8,BB,9,AB,8,BB,8,BB,8,BB,5,CD,6,CC,8,BB,206,7.36,6.95,-
109,2312109,8,BB,7,BC,10,AA,8,BB,8,BB,9,AB,8,BB,9,AB,8,BB,232,8.29,8.09,-
110,2312110,7,BC,6,CC,10,AA,9,AB,8,BB,5,CD,6,CC,5,CD,9,AB,190,6.79,7.2,-
111,2312111,8,BB,7,BC,10,AA,10,AA,7,BC,9,AB,6,CC,9,AB,10,AA,232,8.29,8.2,-
112,2312112,9,AB,7,BC,9,AB,9,AB,7,BC,9,AB,8,BB,9,AB,10,AA,238,8.50,8.78,-
113,2312113,7,BC,5,CD,9,AB,8,BB,7,BC,7,BC,6,CC,6,CC,8,BB,189,6.75,6.73,-
114,2312114,8,BB,9,AB,10,AA,9,AB,7,BC,10,AA,8,BB,10,AA,10,AA,253,9.04,9.22,-
115,2312115,8,BB,9,AB,10,AA,8,BB,7,BC,10,AA,5,CD,9,AB,8,BB,230,8.21,8.31,-
116,2312116,8,BB,7,BC,10,AA,7,BC,8,BB,8,BB,6,CC,7,BC,8,BB,209,7.46,7.82,-
117,2312117,8,BB,8,BB,10,AA,8,BB,8,BB,10,AA,9,AB,9,AB,9,AB,246,8.79,8.85,-
118,2312118,8,BB,7,BC,9,AB,9,AB,8,BB,9,AB,8,BB,10,AA,9,AB,239,8.54,8.64,-
119,2312119,9,AB,9,AB,9,AB,10,AA,8,BB,10,AA,7,BC,8,BB,9,AB,245,8.75,8.64,-
120,2312120,9,AB,7,BC,9,AB,10,AA,8,BB,10,AA,6,CC,9,AB,10,AA,239,8.54,8.93,-
121,2312121,8,BB,7,BC,10,AA,8,BB,9,AB,9,AB,5,CD,8,BB,9,AB,220,7.86,7.85,-
122,2312122,10,AA,9,AB,10,AA,10,AA,9,AB,9,AB,9,AB,10,AA,10,AA,266,9.50,9.35,-
123,2312123,9,AB,8,BB,9,AB,9,AB,9,AB,9,AB,8,BB,8,BB,9,AB,240,8.57,8.62,-
124,2312124,7,BC,7,BC,10,AA,8,BB,9,AB,9,AB,6,CC,8,BB,10,AA,223,7.96,8.18,-
125,2312125,7,BC,9,AB,10,AA,8,BB,9,AB,9,AB,8,BB,8,BB,9,AB,237,8.46,8.38,-
126,2312126,9,AB,8,BB,10,AA,10,AA,9,AB,10,AA,9,AB,9,AB,9,AB,257,9.18,9.36,-
127,2312127,7,BC,4,DD,8,BB,8,BB,9,AB,7,BC,4,DD,6,CC,5,CD,173,6.18,6.25,-
128,2312128,8,BB,5,CD,8,BB,7,BC,9,AB,7,BC,5,CD,7,BC,8,BB,191,6.82,6.76,-
129,2312129,9,AB,8,BB,9,AB,10,AA,9,AB,9,AB,10,AA,9,AB,10,AA,257,9.18,9.31,-
130,2312130,8,BB,8,BB,10,AA,10,AA,9,AB,9,AB,8,BB,10,AA,9,AB,250,8.93,9.09,-
131,2312131,9,AB,9,AB,10,AA,9,AB,8,BB,10,AA,10,AA,10,AA,10,AA,266,9.50,9.44,-
132,2312132,9,AB,7,BC,9,AB,9,AB,8,BB,8,BB,7,BC,9,AB,9,AB,230,8.21,8.71,-
133,2312133,9,AB,7,BC,9,AB,10,AA,8,BB,8,BB,8,BB,8,BB,8,BB,231,8.25,8.64,-
134,2312134,7,BC,6,CC,9,AB,8,BB,8,BB,8,BB,8,BB,8,BB,8,BB,215,7.68,7.76,-
135,2312135,8,BB,6,CC,9,AB,8,BB,8,BB,9,AB,6,CC,7,BC,9,AB,212,7.57,7.65,-
136,2312136,8,BB,7,BC,9,AB,9,AB,8,BB,8,BB,7,BC,7,BC,9,AB,219,7.82,7.69,-
137,2312137,6,CC,7,BC,9,AB,7,BC,8,BB,8,BB,5,CD,6,CC,8,BB,193,6.89,7.07,-
138,2312138,7,BC,5,CD,8,BB,9,AB,8,BB,8,BB,5,CD,6,CC,8,BB,192,6.86,6.98,-
139,2312139,8,BB,4,DD,9,AB,8,BB,8,BB,5,CD,0,F,4,DD,5,CD,144,5.14,4.89,-
140,2312140,5,CD,0,F,9,AB,4,DD,8,BB,0,F,0,F,0,F,8,BB,77,2.75,4.04,-
141,2312141,7,BC,8,BB,9,AB,8,BB,8,BB,9,AB,7,BC,8,BB,9,AB,225,8.04,8.38,-
142,2312142,7,BC,7,BC,10,AA,9,AB,8,BB,10,AA,8,BB,8,BB,10,AA,236,8.43,8.78,-
143,2312143,8,BB,6,CC,9,AB,9,AB,8,BB,10,AA,7,BC,7,BC,8,BB,221,7.89,8.4,-
144,2312144,8,BB,5,CD,9,AB,8,BB,8,BB,6,CC,4,DD,5,CD,8,BB,178,6.36,6.45,-
Slno,Regn. No.,CE 101,(3),EE 101,(4),EE 111,(2),HS 101,(3),HS 111,(2),MA 102,(4),ME 101,(4),PH 101,(4),PH 111,(2),GP,SGPA,CGPA,EAA
145,2312145,7,BC,6,CC,8,BB,8,BB,8,BB,8,BB,7,BC,6,CC,8,BB,201,7.18,7.71,-
146,2312146,7,BC,6,CC,9,AB,8,BB,7,BC,7,BC,6,CC,7,BC,9,AB,199,7.11,6.87,-
147,2312147,8,BB,7,BC,9,AB,10,AA,7,BC,9,AB,8,BB,9,AB,9,AB,236,8.43,8.31,-
148,2312149,8,BB,6,CC,10,AA,9,AB,7,BC,8,BB,8,BB,7,BC,9,AB,219,7.82,7.91,-
149,2312150,8,BB,8,BB,9,AB,9,AB,7,BC,9,AB,7,BC,8,BB,10,AA,231,8.25,8.4,-
150,2312151,7,BC,6,CC,8,BB,7,BC,7,BC,6,CC,5,CD,6,CC,8,BB,180,6.43,7.11,-
151,2312152,8,BB,7,BC,9,AB,8,BB,7,BC,8,BB,8,BB,9,AB,9,AB,226,8.07,8.36,-
152,2312153,6,CC,4,DD,8,BB,6,CC,7,BC,4,DD,0,F,5,CD,7,BC,132,4.71,4.82,-
153,2312154,8,BB,6,CC,10,AA,8,BB,7,BC,8,BB,6,CC,7,BC,9,AB,208,7.43,7.84,-
154,2312155,7,BC,5,CD,8,BB,9,AB,7,BC,7,BC,0,F,5,CD,7,BC,160,5.71,6.36,-
155,2312156,7,BC,7,BC,9,AB,9,AB,6,CC,8,BB,5,CD,6,CC,8,BB,198,7.07,7.65,-
156,2312157,7,BC,4,DD,9,AB,7,BC,6,CC,4,DD,5,CD,6,CC,8,BB,164,5.86,5.75,-
157,2312158,6,CC,0,F,8,BB,5,CD,6,CC,0,F,0,F,4,DD,7,BC,91,3.25,4.18,-
158,2312159,7,BC,4,DD,8,BB,8,BB,6,CC,0,F,0,F,4,DD,5,CD,115,4.11,4.35,-
159,2312160,7,BC,6,CC,8,BB,9,AB,6,CC,8,BB,6,CC,6,CC,8,BB,196,7.00,7.47,-
160,2312161,8,BB,5,CD,9,AB,9,AB,8,BB,7,BC,8,BB,7,BC,10,AA,213,7.61,8.13,-
161,2312162,5,CD,4,DD,8,BB,7,BC,8,BB,4,DD,0,F,4,DD,8,BB,132,4.71,5.35,-
162,2312163,9,AB,7,BC,10,AA,9,AB,8,BB,9,AB,6,CC,5,CD,9,AB,216,7.71,8.09,-
163,2312164,9,AB,7,BC,9,AB,9,AB,8,BB,8,BB,8,BB,6,CC,9,AB,222,7.93,8.31,-
164,2312165,6,CC,4,DD,10,AA,9,AB,8,BB,5,CD,6,CC,6,CC,8,BB,181,6.46,5.96,-
165,2312166,8,BB,8,BB,9,AB,10,AA,7,BC,9,AB,9,AB,8,BB,10,AA,242,8.64,8.76,-
166,2312167,9,AB,9,AB,10,AA,10,AA,7,BC,10,AA,6,CC,10,AA,10,AA,251,8.96,9.22,-
167,2312168,7,BC,6,CC,9,AB,8,BB,7,BC,8,BB,8,BB,7,BC,7,BC,207,7.39,8.09,-
168,2312169,7,BC,7,BC,10,AA,9,AB,7,BC,7,BC,6,CC,7,BC,9,AB,208,7.43,7.69,-
169,2312170,6,CC,0,F,9,AB,5,CD,7,BC,0,F,4,DD,4,DD,8,BB,113,4.04,4.64,-
170,2312171,8,BB,5,CD,9,AB,9,AB,7,BC,5,CD,4,DD,4,DD,6,CC,167,5.96,5.58,-
171,2312172,7,BC,7,BC,9,AB,8,BB,7,BC,7,BC,5,CD,5,CD,8,BB,189,6.75,6.2,-
172,2312173,7,BC,0,F,7,BC,6,CC,7,BC,0,F,0,F,0,F,6,CC,79,2.82,3.11,-
173,2312174,6,CC,0,F,9,AB,6,CC,7,BC,0,F,4,DD,4,DD,8,BB,116,4.14,4.78,-
174,2312175,6,CC,0,F,8,BB,7,BC,7,BC,0,F,0,F,0,F,4,DD,77,2.75,3.67,-
Slno,Regn. No.,CE 101,(3),EE 101,(4),EE 111,(2),HS 101,(3),HS 111,(2),MA 102,(4),ME 101,(4),PH 101,(4),PH 111,(2),GP,SGPA,CGPA,EAA
1,2313001,5,CD,0,F,7,BC,4,DD,6,CC,0,F,0,F,0,F,5,CD,63,2.25,3,-
2,2313002,6,CC,6,CC,9,AB,8,BB,8,BB,9,AB,9,AB,8,BB,7,BC,218,7.79,7.76,-
3,2313003,6,CC,6,CC,10,AA,9,AB,8,BB,8,BB,7,BC,8,BB,8,BB,213,7.61,7.76,-
4,2313004,4,DD,0,F,7,BC,5,CD,5,CD,0,F,0,F,0,F,0,F,51,1.82,3.15,-
5,2313005,8,BB,6,CC,9,AB,9,AB,8,BB,10,AA,10,AA,9,AB,10,AA,245,8.75,9.04,-
6,2313006,9,AB,7,BC,10,AA,10,AA,9,AB,10,AA,9,AB,9,AB,10,AA,255,9.11,9.44,-
7,2313007,8,BB,5,CD,10,AA,9,AB,9,AB,7,BC,8,BB,4,DD,8,BB,201,7.18,7.58,-
8,2313008,6,CC,4,DD,9,AB,9,AB,8,BB,7,BC,5,CD,6,CC,6,CC,179,6.39,6.62,-
9,2313009,7,BC,0,F,9,AB,8,BB,5,CD,8,BB,5,CD,6,CC,7,BC,163,5.82,5.98,-
10,2313010,8,BB,7,BC,10,AA,9,AB,8,BB,10,AA,6,CC,9,AB,7,BC,229,8.18,8.09,-
11,2313011,7,BC,7,BC,10,AA,9,AB,8,BB,8,BB,7,BC,9,AB,9,AB,226,8.07,8.55,-
12,2313012,7,BC,8,BB,9,AB,9,AB,9,AB,10,AA,6,CC,10,AA,10,AA,240,8.57,8.58,-
13,2313013,7,BC,6,CC,9,AB,9,AB,9,AB,7,BC,7,BC,8,BB,9,AB,214,7.64,7.62,-
14,2313014,5,CD,5,CD,9,AB,8,BB,9,AB,8,BB,7,BC,7,BC,6,CC,195,6.96,7.6,-
15,2313015,6,CC,4,DD,9,AB,9,AB,9,AB,9,AB,7,BC,7,BC,8,BB,205,7.32,7.51,-
16,2313016,6,CC,0,F,9,AB,8,BB,9,AB,6,CC,0,F,4,DD,7,BC,132,4.71,5.11,-
17,2313017,10,AA,6,CC,10,AA,10,AA,9,AB,10,AA,7,BC,10,AA,10,AA,250,8.93,9.18,-
18,2313018,6,CC,4,DD,10,AA,9,AB,9,AB,5,CD,4,DD,6,CC,8,BB,175,6.25,6.73,-
19,2313019,7,BC,7,BC,10,AA,9,AB,9,AB,9,AB,8,BB,8,BB,9,AB,232,8.29,8.4,-
20,2313020,8,BB,5,CD,9,AB,9,AB,9,AB,9,AB,8,BB,8,BB,10,AA,227,8.11,8.44,-
21,2313021,6,CC,8,BB,9,AB,10,AA,9,AB,9,AB,6,CC,9,AB,10,AA,232,8.29,8.45,-
22,2313022,9,AB,7,BC,9,AB,10,AA,9,AB,9,AB,8,BB,8,BB,9,AB,239,8.54,8.51,-
23,2313023,8,BB,6,CC,9,AB,10,AA,9,AB,9,AB,8,BB,7,BC,8,BB,226,8.07,8.53,-
24,2313024,6,CC,4,DD,9,AB,9,AB,9,AB,5,CD,4,DD,5,CD,6,CC,165,5.89,6.53,-
25,2313025,6,CC,6,CC,10,AA,9,AB,9,AB,7,BC,7,BC,8,BB,9,AB,213,7.61,7.8,-
26,2313026,6,CC,4,DD,9,AB,9,AB,9,AB,6,CC,5,CD,7,BC,7,BC,183,6.54,6.73,-
27,2313027,6,CC,5,CD,9,AB,10,AA,9,AB,8,BB,6,CC,8,BB,9,AB,210,7.50,7.75,-
28,2313028,9,AB,6,CC,9,AB,9,AB,9,AB,9,AB,9,AB,9,AB,9,AB,240,8.57,8.62,-
29,2313029,7,BC,4,DD,9,AB,9,AB,9,AB,6,CC,4,DD,4,DD,9,AB,174,6.21,6.44,-
30,2313030,6,CC,0,F,9,AB,8,BB,8,BB,6,CC,4,DD,6,CC,9,AB,158,5.64,6.25,-
Slno,Regn. No.,CE 101,(3),EE 101,(4),EE 111,(2),HS 101,(3),HS 111,(2),MA 102,(4),ME 101,(4),PH 101,(4),PH 111,(2),GP,SGPA,CGPA,EAA
31,2313031,7,BC,5,CD,9,AB,9,AB,9,AB,8,BB,5,CD,9,AB,10,AA,212,7.57,7.78,-
32,2313032,7,BC,5,CD,10,AA,9,AB,9,AB,8,BB,7,BC,7,BC,9,AB,212,7.57,8.27,-
33,2313033,7,BC,0,F,9,AB,8,BB,7,BC,7,BC,5,CD,5,CD,9,AB,163,5.82,6.2,-
34,2313034,6,CC,5,CD,9,AB,10,AA,9,AB,8,BB,5,CD,7,BC,8,BB,200,7.14,7.67,-
35,2313035,8,BB,5,CD,9,AB,9,AB,9,AB,8,BB,6,CC,7,BC,9,AB,209,7.46,8.07,-
36,2313036,7,BC,7,BC,10,AA,10,AA,9,AB,9,AB,6,CC,8,BB,10,AA,229,8.18,7.85,-
37,2313037,8,BB,7,BC,10,AA,10,AA,8,BB,8,BB,5,CD,8,BB,8,BB,218,7.79,7.67,-
38,2313038,7,BC,5,CD,9,AB,9,AB,8,BB,8,BB,6,CC,8,BB,9,AB,208,7.43,7.82,-
39,2313039,7,BC,4,DD,10,AA,10,AA,9,AB,7,BC,6,CC,7,BC,8,BB,201,7.18,7.75,-
40,2313040,7,BC,6,CC,10,AA,9,AB,8,BB,8,BB,6,CC,7,BC,9,AB,210,7.50,7.53,-
41,2313041,7,BC,7,BC,9,AB,10,AA,9,AB,8,BB,7,BC,10,AA,10,AA,235,8.39,8.29,-
42,2313042,7,BC,8,BB,9,AB,10,AA,9,AB,10,AA,6,CC,10,AA,10,AA,243,8.68,8.98,-
43,2313043,6,CC,4,DD,8,BB,9,AB,9,AB,7,BC,0,F,4,DD,6,CC,151,5.39,6.11,-
44,2313044,7,BC,8,BB,9,AB,10,AA,9,AB,10,AA,6,CC,10,AA,9,AB,241,8.61,8.76,-
45,2313045,6,CC,5,CD,9,AB,9,AB,9,AB,8,BB,5,CD,7,BC,8,BB,197,7.04,7.38,-
46,2313046,7,BC,4,DD,9,AB,10,AA,9,AB,6,CC,6,CC,6,CC,8,BB,191,6.82,7.38,-
47,2313047,7,BC,5,CD,9,AB,10,AA,9,AB,7,BC,5,CD,7,BC,7,BC,197,7.04,7.35,-
48,2313048,6,CC,5,CD,9,AB,10,AA,8,BB,8,BB,5,CD,8,BB,8,BB,202,7.21,7.33,-
49,2313049,6,CC,4,DD,8,BB,8,BB,8,BB,7,BC,5,CD,6,CC,8,BB,178,6.36,6.69,-
50,2313050,5,CD,4,DD,8,BB,8,BB,9,AB,6,CC,7,BC,8,BB,7,BC,187,6.68,6.56,-
51,2313051,5,CD,5,CD,9,AB,8,BB,9,AB,6,CC,4,DD,7,BC,8,BB,179,6.39,7.25,-
52,2313052,7,BC,6,CC,9,AB,9,AB,9,AB,7,BC,4,DD,6,CC,7,BC,190,6.79,6.91,-
53,2313053,7,BC,5,CD,9,AB,9,AB,9,AB,8,BB,5,CD,8,BB,9,AB,206,7.36,7.07,-
54,2313054,7,BC,5,CD,9,AB,9,AB,7,BC,7,BC,4,DD,7,BC,8,BB,188,6.71,6.87,-
55,2313055,6,CC,5,CD,9,AB,9,AB,9,AB,8,BB,5,CD,7,BC,8,BB,197,7.04,7.69,-
56,2313056,7,BC,8,BB,9,AB,8,BB,9,AB,10,AA,9,AB,10,AA,9,AB,247,8.82,9.15,-
57,2313057,6,CC,6,CC,9,AB,9,AB,9,AB,7,BC,5,CD,8,BB,9,AB,203,7.25,7.6,-
58,2313058,8,BB,8,BB,9,AB,9,AB,9,AB,9,AB,9,AB,9,AB,10,AA,247,8.82,8.89,-
59,2313059,6,CC,5,CD,9,AB,9,AB,9,AB,9,AB,6,CC,7,BC,8,BB,205,7.32,7.33,-
60,2313060,6,CC,6,CC,9,AB,9,AB,9,AB,7,BC,5,CD,6,CC,8,BB,193,6.89,7.04,-
61,2313061,6,CC,4,DD,9,AB,10,AA,9,AB,7,BC,0,F,5,CD,9,AB,166,5.93,6.64,-
62,2313062,6,CC,5,CD,9,AB,9,AB,9,AB,8,BB,6,CC,8,BB,9,AB,207,7.39,7.73,-
63,2313063,7,BC,6,CC,9,AB,8,BB,9,AB,9,AB,5,CD,8,BB,8,BB,209,7.46,6.84,-
64,2313064,8,BB,7,BC,8,BB,9,AB,9,AB,9,AB,7,BC,9,AB,8,BB,229,8.18,8.42,-
65,2313065,8,BB,7,BC,9,AB,10,AA,9,AB,9,AB,7,BC,8,BB,9,AB,232,8.29,8.44,-
66,2313066,6,CC,6,CC,9,AB,9,AB,7,BC,9,AB,8,BB,8,BB,8,BB,217,7.75,8.42,-
67,2313067,7,BC,7,BC,10,AA,9,AB,8,BB,8,BB,7,BC,10,AA,9,AB,230,8.21,8.44,-
68,2313068,6,CC,4,DD,9,AB,8,BB,8,BB,6,CC,6,CC,7,BC,7,BC,182,6.50,6.25,-
Slno,Regn. No.,CE 101,(3),EE 101,(4),EE 111,(2),HS 101,(3),HS 111,(2),MA 102,(4),ME 101,(4),PH 101,(4),PH 111,(2),GP,SGPA,CGPA,EAA
69,2313069,7,BC,6,CC,9,AB,10,AA,9,AB,7,BC,6,CC,7,BC,9,AB,209,7.46,7.95,-
70,2313070,8,BB,7,BC,9,AB,9,AB,9,AB,10,AA,7,BC,10,AA,10,AA,243,8.68,8.87,-
71,2313071,6,CC,4,DD,9,AB,9,AB,8,BB,7,BC,6,CC,7,BC,8,BB,191,6.82,6.82,-
72,2313072,6,CC,6,CC,9,AB,9,AB,7,BC,7,BC,5,CD,8,BB,9,AB,199,7.11,7.25,-
73,2313073,8,BB,7,BC,9,AB,9,AB,5,CD,9,AB,7,BC,10,AA,9,AB,229,8.18,8.42,-
74,2313074,7,BC,6,CC,9,AB,9,AB,8,BB,9,AB,8,BB,7,BC,9,AB,220,7.86,7.95,-
75,2313075,7,BC,6,CC,9,AB,9,AB,8,BB,8,BB,7,BC,9,AB,9,AB,220,7.86,8.11,-
76,2313076,8,BB,5,CD,9,AB,9,AB,9,AB,7,BC,6,CC,8,BB,9,AB,209,7.46,7.58,-
77,2313077,5,CD,0,F,8,BB,8,BB,5,CD,6,CC,4,DD,4,DD,5,CD,131,4.68,5.24,-
78,2313078,7,BC,7,BC,9,AB,10,AA,9,AB,8,BB,6,CC,9,AB,9,AB,225,8.04,8.33,-
79,2313079,7,BC,8,BB,9,AB,9,AB,9,AB,8,BB,7,BC,9,AB,8,BB,228,8.14,8.53,-
80,2313080,8,BB,6,CC,9,AB,10,AA,9,AB,8,BB,5,CD,8,BB,9,AB,216,7.71,7.82,-
81,2313081,5,CD,4,DD,9,AB,8,BB,7,BC,4,DD,0,F,5,CD,4,DD,131,4.68,4.62,-
82,2313082,7,BC,4,DD,9,AB,9,AB,9,AB,7,BC,4,DD,5,CD,8,BB,180,6.43,6.51,-
83,2313083,8,BB,6,CC,9,AB,10,AA,8,BB,9,AB,6,CC,9,AB,9,AB,226,8.07,8.45,-
84,2313084,5,CD,0,F,9,AB,8,BB,7,BC,6,CC,0,F,4,DD,6,CC,123,4.39,4.98,-
85,2313085,5,CD,4,DD,9,AB,8,BB,9,AB,8,BB,4,DD,6,CC,8,BB,179,6.39,6.44,-
86,2313086,8,BB,8,BB,9,AB,7,BC,9,AB,9,AB,5,CD,8,BB,8,BB,217,7.75,8.2,-
87,2313087,9,AB,7,BC,10,AA,8,BB,9,AB,9,AB,9,AB,9,AB,9,AB,243,8.68,8.55,-
88,2313089,9,AB,6,CC,9,AB,7,BC,9,AB,8,BB,5,CD,6,CC,10,AA,204,7.29,7.22,-
89,2313090,9,AB,8,BB,9,AB,9,AB,9,AB,9,AB,7,BC,10,AA,9,AB,244,8.71,8.45,-
90,2313091,8,BB,5,CD,10,AA,9,AB,9,AB,6,CC,4,DD,8,BB,8,BB,197,7.04,7.15,-
91,2313092,8,BB,6,CC,9,AB,8,BB,8,BB,7,BC,4,DD,5,CD,7,BC,184,6.57,6.93,-
92,2313093,8,BB,6,CC,8,BB,8,BB,9,AB,8,BB,5,CD,4,DD,5,CD,184,6.57,6.44,-
93,2313094,8,BB,6,CC,9,AB,7,BC,8,BB,6,CC,4,DD,4,DD,4,DD,167,5.96,6.04,-
94,2313095,8,BB,7,BC,9,AB,8,BB,8,BB,9,AB,6,CC,6,CC,9,AB,212,7.57,7.84,-
95,2313096,8,BB,6,CC,9,AB,8,BB,8,BB,7,BC,4,DD,7,BC,9,AB,196,7.00,6.78,-
96,2313097,8,BB,6,CC,10,AA,9,AB,8,BB,6,CC,5,CD,6,CC,8,BB,195,6.96,6.76,-
97,2313098,9,AB,9,AB,9,AB,9,AB,8,BB,9,AB,6,CC,8,BB,9,AB,234,8.36,8.45,-
98,2313099,10,AA,8,BB,10,AA,8,BB,8,BB,9,AB,6,CC,8,BB,7,BC,228,8.14,8.22,-
99,2313100,9,AB,8,BB,9,AB,9,AB,8,BB,8,BB,6,CC,8,BB,7,BC,222,7.93,7.64,-
100,2313101,9,AB,5,CD,9,AB,7,BC,6,CC,5,CD,4,DD,4,DD,7,BC,164,5.86,5.91,-
101,2313102,8,BB,8,BB,9,AB,8,BB,7,BC,8,BB,5,CD,6,CC,7,BC,202,7.21,7.56,-
102,2313103,9,AB,6,CC,10,AA,9,AB,7,BC,8,BB,7,BC,6,CC,9,AB,214,7.64,6.91,-
103,2313104,8,BB,7,BC,9,AB,7,BC,7,BC,5,CD,0,F,5,CD,5,CD,155,5.54,5.82,-
104,2313105,8,BB,5,CD,8,BB,7,BC,7,BC,6,CC,4,DD,5,CD,8,BB,171,6.11,6.42,-
105,2313106,8,BB,8,BB,9,AB,7,BC,7,BC,9,AB,6,CC,6,CC,9,AB,211,7.54,7.51,-
106,2313107,9,AB,6,CC,8,BB,8,BB,7,BC,7,BC,5,CD,4,DD,8,BB,185,6.61,6.6,-
Slno,Regn. No.,CE 101,(3),EE 101,(4),EE 111,(2),HS 101,(3),HS 111,(2),MA 102,(4),ME 101,(4),PH 101,(4),PH 111,(2),GP,SGPA,CGPA,EAA
107,2313108,10,AA,9,AB,9,AB,8,BB,9,AB,9,AB,6,CC,9,AB,10,AA,242,8.64,8.93,-
108,2313109,10,AA,8,BB,9,AB,7,BC,9,AB,8,BB,6,CC,8,BB,9,AB,225,8.04,8.09,-
109,2313110,7,BC,8,BB,9,AB,7,BC,8,BB,8,BB,6,CC,7,BC,6,CC,204,7.29,7.05,-
110,2313111,7,BC,7,BC,8,BB,7,BC,8,BB,7,BC,4,DD,6,CC,7,BC,184,6.57,6.95,-
111,2313112,0,I,0,I,9,AB,0,F,8,BB,0,F,0,I,0,I,7,BC,48,1.71,4.04,-
112,2313113,8,BB,8,BB,9,AB,10,AA,8,BB,10,AA,8,BB,10,AA,8,BB,248,8.86,8.93,-
113,2313114,6,CC,5,CD,9,AB,7,BC,8,BB,5,CD,4,DD,4,DD,8,BB,161,5.75,5.96,-
114,2313115,9,AB,8,BB,9,AB,7,BC,7,BC,8,BB,8,BB,8,BB,9,AB,226,8.07,7.96,-
115,2313116,9,AB,7,BC,9,AB,8,BB,6,CC,9,AB,5,CD,8,BB,10,AA,217,7.75,7.96,-
116,2313117,9,AB,9,AB,9,AB,10,AA,7,BC,9,AB,9,AB,8,BB,8,BB,245,8.75,9.18,-
117,2313118,8,BB,8,BB,9,AB,9,AB,6,CC,9,AB,7,BC,9,AB,9,AB,231,8.25,8.53,-
118,2313119,9,AB,8,BB,10,AA,10,AA,7,BC,9,AB,7,BC,10,AA,8,BB,243,8.68,8.85,-
119,2313120,9,AB,8,BB,10,AA,8,BB,7,BC,8,BB,7,BC,5,CD,9,AB,215,7.68,7.55,-
120,2313121,8,BB,8,BB,10,AA,9,AB,7,BC,9,AB,6,CC,9,AB,7,BC,227,8.11,8.16,-
121,2313122,7,BC,6,CC,9,AB,6,CC,6,CC,5,CD,0,F,4,DD,4,DD,137,4.89,4.82,-
122,2313123,8,BB,6,CC,9,AB,5,CD,6,CC,8,BB,4,DD,5,CD,7,BC,175,6.25,6.09,-
123,2313124,9,AB,8,BB,9,AB,8,BB,7,BC,8,BB,5,CD,8,BB,8,BB,215,7.68,7.56,-
124,2313125,6,CC,6,CC,9,AB,6,CC,7,BC,7,BC,6,CC,4,DD,4,DD,168,6.00,5.82,-
125,2313126,9,AB,8,BB,9,AB,9,AB,7,BC,7,BC,5,CD,7,BC,8,BB,210,7.50,7.47,-
126,2313127,8,BB,4,DD,8,BB,6,CC,6,CC,7,BC,0,F,0,F,5,CD,124,4.43,4.89,-
127,2313128,7,BC,7,BC,9,AB,7,BC,7,BC,6,CC,5,CD,6,CC,8,BB,186,6.64,6.76,-
128,2313129,6,CC,6,CC,9,AB,7,BC,8,BB,7,BC,5,CD,7,BC,6,CC,185,6.61,6.38,-
129,2313130,8,BB,5,CD,9,AB,8,BB,8,BB,7,BC,4,DD,7,BC,8,BB,190,6.79,6.76,-
130,2313132,7,BC,6,CC,9,AB,7,BC,7,BC,5,CD,0,F,4,DD,7,BC,148,5.29,5.56,-
131,2313133,7,BC,7,BC,8,BB,7,BC,8,BB,7,BC,4,DD,5,CD,7,BC,180,6.43,6.47,-
132,2313134,7,BC,5,CD,7,BC,6,CC,8,BB,6,CC,4,DD,0,F,0,F,129,4.61,4.85,-
133,2313135,6,CC,6,CC,9,AB,7,BC,7,BC,5,CD,0,F,4,DD,4,DD,139,4.96,5.11,-
134,2313136,7,BC,7,BC,9,AB,9,AB,8,BB,6,CC,4,DD,4,DD,7,BC,180,6.43,6.6,-
135,2313137,6,CC,5,CD,8,BB,5,CD,7,BC,7,BC,6,CC,4,DD,7,BC,165,5.89,5.55,-
136,2313138,9,AB,8,BB,10,AA,10,AA,8,BB,9,AB,7,BC,9,AB,9,AB,243,8.68,8.82,-
137,2313139,9,AB,7,BC,9,AB,7,BC,8,BB,9,AB,7,BC,5,CD,8,BB,210,7.50,6.95,-
138,2313140,8,BB,7,BC,9,AB,9,AB,8,BB,6,CC,5,CD,5,CD,7,BC,191,6.82,6.85,-
139,2313141,9,AB,7,BC,9,AB,8,BB,6,CC,9,AB,7,BC,8,BB,9,AB,223,7.96,8.11,-
140,2313142,8,BB,8,BB,10,AA,9,AB,7,BC,9,AB,6,CC,8,BB,8,BB,225,8.04,8.07,-
141,2313143,8,BB,8,BB,10,AA,9,AB,7,BC,9,AB,7,BC,8,BB,8,BB,229,8.18,8.47,-
142,2313144,7,BC,6,CC,9,AB,10,AA,8,BB,9,AB,5,CD,6,CC,10,AA,209,7.46,7.2,-
143,2313145,9,AB,7,BC,9,AB,9,AB,7,BC,9,AB,8,BB,8,BB,8,BB,230,8.21,7.96,-
144,2313146,8,BB,7,BC,7,BC,9,AB,8,BB,8,BB,5,CD,5,CD,8,BB,197,7.04,6.98,-
Slno,Regn. No.,CE 101,(3),EE 101,(4),EE 111,(2),HS 101,(3),HS 111,(2),MA 102,(4),ME 101,(4),PH 101,(4),PH 111,(2),GP,SGPA,CGPA,EAA
145,2313147,9,AB,9,AB,10,AA,10,AA,8,BB,8,BB,6,CC,10,AA,9,AB,243,8.68,8.62,-
146,2313148,9,AB,8,BB,9,AB,10,AA,9,AB,9,AB,7,BC,9,AB,9,AB,243,8.68,8.76,-
147,2313149,9,AB,8,BB,9,AB,9,AB,9,AB,8,BB,5,CD,8,BB,9,AB,224,8.00,8.09,-
148,2313150,8,BB,7,BC,9,AB,8,BB,8,BB,8,BB,4,DD,5,CD,8,BB,194,6.93,6.58,-
149,2313151,8,BB,8,BB,8,BB,8,BB,8,BB,7,BC,7,BC,7,BC,6,CC,208,7.43,7.31,-
150,2313152,8,BB,5,CD,8,BB,6,CC,7,BC,7,BC,4,DD,6,CC,7,BC,174,6.21,5.95,-
151,2313153,8,BB,8,BB,10,AA,8,BB,8,BB,9,AB,7,BC,9,AB,8,BB,232,8.29,8.07,-
152,2313154,9,AB,8,BB,10,AA,7,BC,7,BC,9,AB,6,CC,9,AB,9,AB,228,8.14,8.16,-
153,2313155,9,AB,7,BC,9,AB,7,BC,8,BB,8,BB,6,CC,7,BC,9,AB,212,7.57,7.33,-
154,2313156,8,BB,7,BC,10,AA,8,BB,7,BC,8,BB,6,CC,7,BC,9,AB,212,7.57,7.2,-
155,2313157,0,F,5,CD,8,BB,7,BC,6,CC,6,CC,4,DD,6,CC,0,F,133,4.75,5.02,-
156,2313159,9,AB,7,BC,9,AB,8,BB,6,CC,8,BB,6,CC,7,BC,9,AB,211,7.54,7.56,-
157,2313160,9,AB,8,BB,9,AB,6,CC,6,CC,8,BB,7,BC,6,CC,8,BB,207,7.39,7.35,-
158,2313161,8,BB,5,CD,9,AB,7,BC,8,BB,6,CC,0,F,6,CC,7,BC,161,5.75,5.55,-
159,2313162,4,DD,0,F,8,BB,4,DD,7,BC,0,F,0,F,0,F,5,CD,64,2.29,2.42,-
160,2313163,5,CD,0,F,8,BB,7,BC,6,CC,0,F,0,F,0,F,5,CD,74,2.64,3.11,-
161,2313164,7,BC,4,DD,9,AB,6,CC,6,CC,4,DD,0,F,0,F,5,CD,111,3.96,3.47,-
Slno,Regn. No.,CE 101,(3),EE 101,(4),EE 111,(2),HS 101,(3),HS 111,(2),MA 102,(4),ME 101,(4),PH 101,(4),PH 111,(2),GP,SGPA,CGPA,EAA
1,2214086,,,0,F,0,F,,,,,0,F,0,F,0,F,,,0,1.61,1.67,-
2,2314001,7,BC,7,BC,9,AB,9,AB,7,BC,8,BB,6,CC,6,CC,9,AB,206,7.36,7.73,-
3,2314002,7,BC,5,CD,9,AB,8,BB,8,BB,6,CC,4,DD,5,CD,9,AB,177,6.32,6.2,-
4,2314003,8,BB,8,BB,10,AA,8,BB,7,BC,7,BC,4,DD,8,BB,8,BB,206,7.36,7,-
5,2314004,10,AA,8,BB,9,AB,9,AB,8,BB,7,BC,7,BC,7,BC,10,AA,227,8.11,8.18,-
6,2314005,7,BC,7,BC,9,AB,9,AB,7,BC,8,BB,6,CC,6,CC,9,AB,206,7.36,7.09,-
7,2314006,8,BB,8,BB,9,AB,8,BB,7,BC,7,BC,6,CC,6,CC,10,AA,208,7.43,7.38,-
8,2314007,8,BB,6,CC,9,AB,9,AB,6,CC,7,BC,5,CD,5,CD,7,BC,187,6.68,6.93,-
9,2314008,8,BB,5,CD,9,AB,6,CC,9,AB,4,DD,4,DD,6,CC,9,AB,172,6.14,6.16,-
10,2314009,8,BB,5,CD,9,AB,6,CC,7,BC,5,CD,5,CD,6,CC,8,BB,174,6.21,6.45,-
11,2314010,9,AB,8,BB,9,AB,9,AB,7,BC,7,BC,5,CD,8,BB,10,AA,218,7.79,7.67,-
12,2314011,6,CC,0,F,7,BC,7,BC,8,BB,4,DD,0,F,0,F,5,CD,95,3.39,3.85,-
13,2314012,9,AB,9,AB,9,AB,10,AA,9,AB,8,BB,6,CC,9,AB,9,AB,239,8.54,8.33,-
14,2314013,8,BB,8,BB,9,AB,8,BB,9,AB,8,BB,7,BC,8,BB,9,AB,226,8.07,7.95,-
15,2314014,9,AB,9,AB,9,AB,9,AB,10,AA,10,AA,7,BC,8,BB,10,AA,248,8.86,8.64,-
16,2314015,7,BC,8,BB,9,AB,9,AB,9,AB,9,AB,5,CD,8,BB,9,AB,222,7.93,8.07,-
17,2314016,7,BC,8,BB,9,AB,10,AA,9,AB,10,AA,7,BC,9,AB,9,AB,241,8.61,8.51,-
18,2314017,10,AA,8,BB,9,AB,9,AB,9,AB,9,AB,6,CC,9,AB,10,AA,241,8.61,8.42,-
19,2314018,10,AA,7,BC,9,AB,9,AB,8,BB,8,BB,4,DD,5,CD,9,AB,205,7.32,7.2,-
20,2314019,8,BB,7,BC,9,AB,9,AB,9,AB,7,BC,5,CD,5,CD,8,BB,199,7.11,7.04,-
21,2314020,8,BB,8,BB,9,AB,9,AB,10,AA,9,AB,7,BC,8,BB,10,AA,237,8.46,8.44,-
22,2314021,5,CD,0,F,9,AB,6,CC,8,BB,0,F,0,F,0,F,6,CC,79,2.82,3.56,-
23,2314022,5,CD,6,CC,9,AB,6,CC,8,BB,7,BC,4,DD,6,CC,8,BB,175,6.25,6.18,-
24,2314023,8,BB,8,BB,9,AB,10,AA,8,BB,7,BC,5,CD,5,CD,9,AB,206,7.36,7.47,-
25,2314024,9,AB,8,BB,9,AB,8,BB,8,BB,9,AB,7,BC,9,AB,9,AB,235,8.39,8.64,-
26,2314025,8,BB,8,BB,9,AB,9,AB,8,BB,6,CC,5,CD,7,BC,9,AB,207,7.39,7.93,-
27,2314026,9,AB,9,AB,10,AA,9,AB,8,BB,10,AA,7,BC,9,AB,10,AA,250,8.93,8.75,-
28,2314027,7,BC,7,BC,9,AB,8,BB,8,BB,7,BC,6,CC,7,BC,10,AA,207,7.39,7.16,-
29,2314028,7,BC,7,BC,8,BB,8,BB,9,AB,7,BC,4,DD,5,CD,8,BB,187,6.68,6.96,-
30,2314029,7,BC,5,CD,9,AB,8,BB,9,AB,6,CC,4,DD,5,CD,9,AB,179,6.39,6.91,-
Slno,Regn. No.,CE 101,(3),EE 101,(4),EE 111,(2),HS 101,(3),HS 111,(2),MA 102,(4),ME 101,(4),PH 101,(4),PH 111,(2),GP,SGPA,CGPA,EAA
31,2314030,7,BC,9,AB,9,AB,8,BB,10,AA,10,AA,5,CD,8,BB,9,AB,229,8.18,8.6,-
32,2314031,6,CC,7,BC,9,AB,7,BC,8,BB,9,AB,0,F,7,BC,9,AB,183,6.54,7.09,-
33,2314032,7,BC,8,BB,9,AB,9,AB,8,BB,8,BB,6,CC,8,BB,10,AA,222,7.93,8.04,-
34,2314033,6,CC,5,CD,9,AB,5,CD,8,BB,6,CC,5,CD,5,CD,9,AB,169,6.04,6.58,-
35,2314034,8,BB,7,BC,9,AB,9,AB,8,BB,7,BC,5,CD,6,CC,10,AA,205,7.32,7.73,-
36,2314035,8,BB,9,AB,9,AB,9,AB,8,BB,8,BB,5,CD,8,BB,9,AB,223,7.96,7.93,-
37,2314036,7,BC,9,AB,9,AB,8,BB,8,BB,9,AB,5,CD,9,AB,10,AA,227,8.11,8.44,-
38,2314037,7,BC,10,AA,9,AB,8,BB,8,BB,8,BB,5,CD,9,AB,10,AA,227,8.11,8.44,-
39,2314038,7,BC,7,BC,9,AB,8,BB,8,BB,7,BC,5,CD,7,BC,10,AA,203,7.25,8.18,-
40,2314040,7,BC,7,BC,9,AB,7,BC,9,AB,8,BB,6,CC,7,BC,9,AB,208,7.43,7.36,-
41,2314041,7,BC,7,BC,9,AB,8,BB,9,AB,7,BC,6,CC,6,CC,10,AA,205,7.32,7.55,-
42,2314042,6,CC,4,DD,9,AB,8,BB,9,AB,5,CD,4,DD,4,DD,8,BB,162,5.79,5.4,-
43,2314043,6,CC,7,BC,9,AB,7,BC,9,AB,7,BC,5,CD,4,DD,7,BC,181,6.46,6.8,-
44,2314044,9,AB,9,AB,9,AB,9,AB,9,AB,8,BB,7,BC,8,BB,9,AB,236,8.43,8.75,-
45,2314045,9,AB,7,BC,9,AB,9,AB,9,AB,8,BB,5,CD,6,CC,10,AA,214,7.64,8.13,-
46,2314046,6,CC,8,BB,9,AB,6,CC,9,AB,8,BB,5,CD,6,CC,9,AB,198,7.07,7.85,-
47,2314047,7,BC,7,BC,9,AB,9,AB,8,BB,8,BB,7,BC,6,CC,10,AA,214,7.64,7.73,-
48,2314048,6,CC,7,BC,10,AA,9,AB,8,BB,10,AA,7,BC,7,BC,9,AB,223,7.96,8,-
49,2314049,6,CC,8,BB,9,AB,8,BB,8,BB,7,BC,7,BC,7,BC,9,AB,210,7.50,7.8,-
50,2314050,6,CC,8,BB,9,AB,9,AB,9,AB,10,AA,0,F,7,BC,9,AB,199,7.11,7.64,-
51,2314051,7,BC,9,AB,9,AB,9,AB,9,AB,8,BB,6,CC,7,BC,9,AB,222,7.93,8.16,-
52,2314052,8,BB,7,BC,9,AB,8,BB,8,BB,8,BB,4,DD,7,BC,9,AB,204,7.29,7.22,-
53,2314054,8,BB,8,BB,9,AB,9,AB,9,AB,8,BB,7,BC,9,AB,9,AB,233,8.32,8.33,-
54,2314055,7,BC,7,BC,9,AB,9,AB,9,AB,8,BB,5,CD,9,AB,10,AA,220,7.86,7.87,-
55,2314056,9,AB,7,BC,9,AB,8,BB,8,BB,7,BC,6,CC,7,BC,9,AB,211,7.54,7.38,-
56,2314057,8,BB,6,CC,10,AA,8,BB,7,BC,6,CC,5,CD,7,BC,9,AB,196,7.00,6.98,-
57,2314058,6,CC,9,AB,10,AA,8,BB,7,BC,10,AA,7,BC,8,BB,8,BB,228,8.14,8.25,-
58,2314059,8,BB,8,BB,10,AA,10,AA,7,BC,10,AA,6,CC,7,BC,9,AB,230,8.21,8.53,-
59,2314060,8,BB,8,BB,9,AB,9,AB,7,BC,8,BB,6,CC,9,AB,9,AB,225,8.04,7.65,-
60,2314061,7,BC,6,CC,9,AB,8,BB,9,AB,7,BC,4,DD,6,CC,9,AB,191,6.82,6.82,-
61,2314062,9,AB,9,AB,10,AA,10,AA,9,AB,10,AA,9,AB,9,AB,10,AA,263,9.39,9.4,-
62,2314063,9,AB,9,AB,9,AB,9,AB,10,AA,7,BC,6,CC,7,BC,10,AA,228,8.14,8.47,-
63,2314064,9,AB,10,AA,9,AB,10,AA,9,AB,9,AB,8,BB,9,AB,10,AA,257,9.18,9.16,-
64,2314065,7,BC,5,CD,9,AB,9,AB,9,AB,8,BB,0,F,5,CD,8,BB,172,6.14,5.87,-
65,2314066,8,BB,8,BB,10,AA,9,AB,9,AB,8,BB,5,CD,8,BB,10,AA,225,8.04,8.22,-
66,2314067,8,BB,8,BB,9,AB,10,AA,9,AB,9,AB,6,CC,9,AB,10,AA,238,8.50,8.53,-
67,2314068,6,CC,8,BB,9,AB,9,AB,9,AB,9,AB,7,BC,7,BC,8,BB,221,7.89,8.04,-
68,2314069,7,BC,9,AB,9,AB,9,AB,9,AB,10,AA,7,BC,7,BC,10,AA,236,8.43,8.42,-
Slno,Regn. No.,CE 101,(3),EE 101,(4),EE 111,(2),HS 101,(3),HS 111,(2),MA 102,(4),ME 101,(4),PH 101,(4),PH 111,(2),GP,SGPA,CGPA,EAA
69,2314070,7,BC,6,CC,9,AB,7,BC,9,AB,10,AA,5,CD,7,BC,8,BB,206,7.36,7.33,-
70,2314071,7,BC,8,BB,9,AB,10,AA,9,AB,9,AB,6,CC,7,BC,10,AA,227,8.11,8.13,-
71,2314072,5,CD,4,DD,9,AB,8,BB,9,AB,5,CD,0,F,0,F,6,CC,123,4.39,4.87,-
72,2314073,7,BC,6,CC,9,AB,9,AB,9,AB,9,AB,4,DD,5,CD,7,BC,194,6.93,7.53,-
73,2314074,5,CD,6,CC,9,AB,8,BB,9,AB,6,CC,4,DD,6,CC,9,AB,181,6.46,6.51,-
74,2314075,7,BC,6,CC,9,AB,9,AB,9,AB,6,CC,4,DD,5,CD,9,AB,186,6.64,6.82,-
75,2314076,6,CC,8,BB,9,AB,9,AB,10,AA,9,AB,8,BB,7,BC,9,AB,229,8.18,8.25,-
76,2314077,8,BB,8,BB,10,AA,10,AA,9,AB,8,BB,6,CC,8,BB,10,AA,232,8.29,8.33,-
77,2314078,6,CC,7,BC,9,AB,9,AB,10,AA,8,BB,5,CD,8,BB,10,AA,215,7.68,7.38,-
78,2314079,8,BB,8,BB,9,AB,9,AB,9,AB,10,AA,5,CD,8,BB,10,AA,231,8.25,8.69,-
79,2314080,7,BC,7,BC,9,AB,9,AB,10,AA,9,AB,6,CC,7,BC,8,BB,218,7.79,7.53,-
80,2314081,5,CD,4,DD,9,AB,7,BC,9,AB,4,DD,0,F,4,DD,6,CC,132,4.71,4.85,-
81,2314082,7,BC,6,CC,9,AB,10,AA,9,AB,8,BB,4,DD,6,CC,9,AB,201,7.18,7.35,-
82,2314083,10,AA,9,AB,9,AB,9,AB,9,AB,10,AA,4,DD,8,BB,9,AB,235,8.39,8.53,-
83,2314084,7,BC,7,BC,9,AB,9,AB,9,AB,8,BB,4,DD,7,BC,10,AA,208,7.43,7.47,-
84,2314085,7,BC,9,AB,10,AA,10,AA,9,AB,9,AB,5,CD,7,BC,10,AA,229,8.18,8.24,-
85,2314086,8,BB,7,BC,9,AB,8,BB,9,AB,9,AB,5,CD,6,CC,8,BB,208,7.43,7.44,-
86,2314087,8,BB,9,AB,9,AB,9,AB,9,AB,9,AB,6,CC,7,BC,9,AB,229,8.18,7.65,-
87,2314088,10,AA,7,BC,8,BB,8,BB,9,AB,9,AB,5,CD,7,BC,10,AA,220,7.86,7.82,-
88,2314089,8,BB,8,BB,8,BB,8,BB,8,BB,8,BB,5,CD,8,BB,10,AA,216,7.71,7.56,-
89,2314090,7,BC,7,BC,8,BB,8,BB,8,BB,9,AB,6,CC,7,BC,9,AB,211,7.54,6.96,-
90,2314091,9,AB,6,CC,9,AB,9,AB,8,BB,8,BB,8,BB,8,BB,10,AA,228,8.14,7.31,-
91,2314092,9,AB,9,AB,9,AB,10,AA,8,BB,8,BB,7,BC,9,AB,10,AA,243,8.68,8.49,-
92,2314093,10,AA,7,BC,9,AB,9,AB,8,BB,9,AB,7,BC,9,AB,10,AA,239,8.54,8.33,-
93,2314094,8,BB,9,AB,9,AB,9,AB,8,BB,9,AB,7,BC,8,BB,9,AB,235,8.39,8.4,-
94,2314095,10,AA,7,BC,9,AB,9,AB,9,AB,9,AB,5,CD,9,AB,10,AA,233,8.32,8.15,-
95,2314096,8,BB,9,AB,9,AB,9,AB,8,BB,10,AA,9,AB,10,AA,10,AA,257,9.18,8.8,-
96,2314097,9,AB,8,BB,9,AB,9,AB,8,BB,9,AB,7,BC,9,AB,10,AA,240,8.57,8.49,-
97,2314098,10,AA,9,AB,10,AA,10,AA,8,BB,10,AA,8,BB,10,AA,10,AA,264,9.43,9.09,-
98,2314099,9,AB,6,CC,9,AB,9,AB,8,BB,7,BC,4,DD,6,CC,10,AA,200,7.14,6.35,-
99,2314100,9,AB,9,AB,9,AB,9,AB,8,BB,10,AA,6,CC,7,BC,10,AA,236,8.43,7.91,-
100,2314101,9,AB,9,AB,10,AA,9,AB,7,BC,10,AA,8,BB,10,AA,10,AA,256,9.14,9.25,-
101,2314102,7,BC,5,CD,9,AB,8,BB,7,BC,4,DD,0,F,5,CD,8,BB,149,5.32,5.29,-
102,2314103,8,BB,5,CD,9,AB,8,BB,7,BC,6,CC,4,DD,6,CC,9,AB,182,6.50,6.22,-
103,2314104,10,AA,9,AB,9,AB,8,BB,7,BC,10,AA,6,CC,9,AB,9,AB,240,8.57,8.31,-
104,2314105,8,BB,7,BC,10,AA,9,AB,7,BC,8,BB,4,DD,7,BC,9,AB,207,7.39,7.2,-
105,2314106,7,BC,8,BB,10,AA,9,AB,8,BB,10,AA,7,BC,10,AA,10,AA,244,8.71,8.76,-
106,2314107,9,AB,8,BB,9,AB,9,AB,8,BB,9,AB,5,CD,8,BB,10,AA,228,8.14,7.96,-
Slno,Regn. No.,CE 101,(3),EE 101,(4),EE 111,(2),HS 101,(3),HS 111,(2),MA 102,(4),ME 101,(4),PH 101,(4),PH 111,(2),GP,SGPA,CGPA,EAA
107,2314108,7,BC,8,BB,9,AB,8,BB,8,BB,9,AB,5,CD,9,AB,10,AA,223,7.96,7.98,-
108,2314109,5,CD,6,CC,9,AB,8,BB,8,BB,7,BC,0,F,6,CC,8,BB,165,5.89,5.89,-
109,2314110,7,BC,9,AB,10,AA,8,BB,8,BB,10,AA,7,BC,10,AA,9,AB,243,8.68,8.62,-
110,2314111,7,BC,8,BB,10,AA,9,AB,8,BB,10,AA,5,CD,8,BB,9,AB,226,8.07,8.27,-
111,2314112,7,BC,7,BC,9,AB,8,BB,8,BB,7,BC,6,CC,8,BB,8,BB,207,7.39,7.82,-
112,2314113,8,BB,8,BB,8,BB,8,BB,8,BB,10,AA,7,BC,8,BB,8,BB,228,8.14,7.8,-
113,2314114,10,AA,7,BC,9,AB,8,BB,8,BB,8,BB,7,BC,8,BB,10,AA,228,8.14,7.73,-
114,2314115,7,BC,7,BC,10,AA,9,AB,8,BB,8,BB,5,CD,9,AB,9,AB,218,7.79,7.8,-
115,2314116,7,BC,7,BC,9,AB,9,AB,8,BB,7,BC,0,F,6,CC,8,BB,178,6.36,6.4,-
116,2314117,5,CD,5,CD,8,BB,9,AB,6,CC,5,CD,0,F,5,CD,7,BC,144,5.14,5.71,-
117,2314118,8,BB,8,BB,9,AB,9,AB,8,BB,8,BB,7,BC,10,AA,9,AB,235,8.39,8.2,-
118,2314119,6,CC,4,DD,8,BB,6,CC,6,CC,6,CC,0,F,6,CC,7,BC,142,5.07,5.18,-
119,2314120,9,AB,7,BC,9,AB,9,AB,8,BB,6,CC,4,DD,7,BC,9,AB,202,7.21,7.15,-
120,2314121,7,BC,7,BC,9,AB,9,AB,8,BB,7,BC,5,CD,6,CC,9,AB,200,7.14,6.95,-
121,2314122,7,BC,8,BB,9,AB,8,BB,8,BB,8,BB,8,BB,8,BB,9,AB,225,8.04,8.36,-
122,2314123,8,BB,6,CC,9,AB,8,BB,8,BB,8,BB,6,CC,7,BC,8,BB,206,7.36,6.87,-
123,2314124,10,AA,6,CC,9,AB,9,AB,8,BB,9,AB,5,CD,8,BB,10,AA,223,7.96,8.49,-
124,2314125,9,AB,6,CC,9,AB,9,AB,9,AB,7,BC,5,CD,7,BC,8,BB,206,7.36,7.42,-
125,2314126,8,BB,7,BC,9,AB,7,BC,9,AB,8,BB,7,BC,7,BC,10,AA,217,7.75,7.76,-
126,2314127,8,BB,9,AB,9,AB,8,BB,9,AB,9,AB,8,BB,7,BC,9,AB,234,8.36,8.13,-
127,2314128,7,BC,6,CC,8,BB,8,BB,9,AB,7,BC,6,CC,7,BC,7,BC,197,7.04,7.07,-
128,2314129,6,CC,8,BB,9,AB,9,AB,9,AB,7,BC,6,CC,7,BC,9,AB,211,7.54,7.36,-
129,2314130,8,BB,8,BB,9,AB,9,AB,9,AB,7,BC,5,CD,7,BC,10,AA,215,7.68,7.56,-
130,2314131,7,BC,8,BB,9,AB,8,BB,9,AB,8,BB,4,DD,5,CD,10,AA,201,7.18,7.53,-
131,2314132,7,BC,4,DD,9,AB,6,CC,8,BB,0,F,0,F,4,DD,8,BB,121,4.32,4.51,-
132,2314133,9,AB,9,AB,9,AB,8,BB,8,BB,10,AA,7,BC,9,AB,9,AB,243,8.68,8.31,-
133,2314134,6,CC,6,CC,9,AB,7,BC,9,AB,6,CC,4,DD,6,CC,10,AA,183,6.54,6.93,-
134,2314135,10,AA,9,AB,9,AB,9,AB,8,BB,10,AA,9,AB,9,AB,10,AA,259,9.25,9.35,-
135,2314136,7,BC,7,BC,9,AB,9,AB,8,BB,8,BB,5,CD,6,CC,9,AB,204,7.29,7.09,-
136,2314137,5,CD,5,CD,9,AB,8,BB,8,BB,6,CC,0,F,5,CD,8,BB,153,5.46,5.51,-
137,2314138,8,BB,6,CC,8,BB,8,BB,8,BB,6,CC,5,CD,7,BC,8,BB,192,6.86,6.6,-
138,2314139,8,BB,8,BB,9,AB,7,BC,8,BB,9,AB,6,CC,9,AB,9,AB,225,8.04,7.85,-
139,2314140,7,BC,7,BC,9,AB,9,AB,8,BB,6,CC,0,F,6,CC,9,AB,176,6.29,6.25,-
140,2314141,9,AB,8,BB,10,AA,10,AA,8,BB,7,BC,8,BB,9,AB,10,AA,241,8.61,8.73,-
141,2314142,9,AB,8,BB,10,AA,9,AB,9,AB,8,BB,7,BC,9,AB,10,AA,240,8.57,8.56,-
142,2314143,9,AB,6,CC,9,AB,8,BB,9,AB,8,BB,4,DD,6,CC,8,BB,199,7.11,7.36,-
143,2314144,9,AB,9,AB,9,AB,10,AA,9,AB,10,AA,7,BC,9,AB,10,AA,253,9.04,8.91,-
144,2314145,8,BB,5,CD,9,AB,9,AB,9,AB,4,DD,4,DD,6,CC,9,AB,181,6.46,6.56,-
Slno,Regn. No.,CE 101,(3),EE 101,(4),EE 111,(2),HS 101,(3),HS 111,(2),MA 102,(4),ME 101,(4),PH 101,(4),PH 111,(2),GP,SGPA,CGPA,EAA
145,2314146,9,AB,8,BB,9,AB,8,BB,9,AB,10,AA,10,AA,9,AB,10,AA,255,9.11,8.8,-
146,2314147,9,AB,8,BB,9,AB,9,AB,9,AB,8,BB,6,CC,8,BB,10,AA,230,8.21,8.38,-
147,2314148,9,AB,8,BB,9,AB,9,AB,9,AB,8,BB,6,CC,7,BC,9,AB,224,8.00,7.91,-
148,2314149,7,BC,8,BB,6,CC,9,AB,9,AB,7,BC,7,BC,8,BB,7,BC,212,7.57,7.53,-
149,2314151,8,BB,8,BB,9,AB,9,AB,8,BB,9,AB,5,CD,8,BB,8,BB,221,7.89,8.15,-
150,2314152,8,BB,8,BB,9,AB,10,AA,9,AB,9,AB,5,CD,8,BB,10,AA,230,8.21,7.85,-
151,2314153,7,BC,6,CC,9,AB,9,AB,8,BB,7,BC,5,CD,5,CD,9,AB,192,6.86,6.98,-
152,2314154,9,AB,8,BB,9,AB,10,AA,8,BB,10,AA,8,BB,9,AB,9,AB,249,8.89,8.75,-
153,2314155,9,AB,6,CC,10,AA,9,AB,8,BB,7,BC,6,CC,6,CC,10,AA,210,7.50,7.29,-
154,2314156,7,BC,7,BC,9,AB,8,BB,8,BB,7,BC,5,CD,7,BC,7,BC,197,7.04,6.35,-
155,2314157,9,AB,9,AB,9,AB,8,BB,8,BB,9,AB,5,CD,9,AB,9,AB,231,8.25,7.75,-
156,2314158,8,BB,7,BC,9,AB,9,AB,8,BB,8,BB,0,F,6,CC,8,BB,185,6.61,6.36,-
157,2314159,6,CC,5,CD,9,AB,9,AB,8,BB,7,BC,4,DD,7,BC,8,BB,187,6.68,6.53,-
158,2314160,9,AB,8,BB,10,AA,10,AA,8,BB,10,AA,8,BB,10,AA,10,AA,257,9.18,9.13,-
159,2314161,4,DD,4,DD,9,AB,7,BC,8,BB,0,F,0,F,4,DD,7,BC,113,4.04,4.56,-
160,2314162,6,CC,4,DD,7,BC,5,CD,8,BB,0,F,0,F,4,DD,4,DD,103,3.68,4.15,-
161,2314163,6,CC,5,CD,9,AB,6,CC,9,AB,4,DD,0,F,0,F,5,CD,118,4.21,4.45,-
162,2314164,6,CC,6,CC,9,AB,6,CC,8,BB,6,CC,0,F,4,DD,5,CD,144,5.14,5.05,-
Slno,Regn. No.,CE 102,(3),CH 101,(4),CH 111,(2),CS 101,(4),CS 111,(2),EC 101,(4),EC 111,(2),MA 102,(4),ME 111,(2),GP,SGPA,CGPA,EAA
1,2315001,8,BB,10,AA,10,AA,10,AA,9,AB,9,AB,9,AB,10,AA,8,BB,252,9.33,9.13,-
2,2315002,8,BB,9,AB,10,AA,9,AB,10,AA,10,AA,10,AA,10,AA,10,AA,256,9.48,9.07,-
3,2315003,6,CC,6,CC,10,AA,5,CD,8,BB,8,BB,9,AB,8,BB,6,CC,192,7.11,7,-
4,2315004,5,CD,5,CD,9,AB,4,DD,8,BB,4,DD,9,AB,5,CD,4,DD,147,5.44,4.96,-
5,2315005,7,BC,9,AB,10,AA,9,AB,9,AB,9,AB,9,AB,8,BB,7,BC,231,8.56,8.33,-
6,2315006,5,CD,6,CC,10,AA,4,DD,8,BB,6,CC,8,BB,6,CC,7,BC,169,6.26,5.89,-
7,2315007,7,BC,8,BB,10,AA,8,BB,10,AA,7,BC,9,AB,10,AA,9,AB,229,8.48,8.35,-
8,2315008,7,BC,10,AA,10,AA,7,BC,8,BB,10,AA,9,AB,9,AB,10,AA,239,8.85,8.75,-
9,2315009,8,BB,9,AB,10,AA,10,AA,10,AA,9,AB,10,AA,9,AB,10,AA,252,9.33,8.51,-
10,2315010,6,CC,8,BB,10,AA,8,BB,9,AB,9,AB,10,AA,9,AB,9,AB,230,8.52,8.49,-
11,2315011,7,BC,9,AB,10,AA,9,AB,10,AA,8,BB,9,AB,7,BC,10,AA,231,8.56,8.2,-
12,2315012,6,CC,8,BB,9,AB,6,CC,9,AB,9,AB,9,AB,8,BB,9,AB,214,7.93,7.56,-
13,2315013,7,BC,9,AB,10,AA,10,AA,10,AA,10,AA,10,AA,10,AA,8,BB,253,9.37,9.16,-
14,2315014,6,CC,9,AB,10,AA,7,BC,9,AB,7,BC,10,AA,7,BC,8,BB,212,7.85,7.56,-
15,2315015,6,CC,8,BB,10,AA,6,CC,8,BB,9,AB,9,AB,9,AB,6,CC,212,7.85,7.75,-
16,2315016,10,AA,9,AB,10,AA,6,CC,8,BB,9,AB,9,AB,6,CC,10,AA,224,8.30,7.95,-
17,2315017,6,CC,9,AB,9,AB,9,AB,10,AA,9,AB,10,AA,8,BB,9,AB,234,8.67,7.76,-
18,2315018,5,CD,6,CC,10,AA,5,CD,8,BB,8,BB,9,AB,7,BC,9,AB,191,7.07,6.67,-
19,2315019,7,BC,9,AB,10,AA,6,CC,9,AB,9,AB,10,AA,6,CC,10,AA,219,8.11,8.02,-
20,2315020,8,BB,9,AB,9,AB,7,BC,9,AB,7,BC,9,AB,7,BC,10,AA,218,8.07,7.8,-
21,2315021,8,BB,9,AB,9,AB,6,CC,8,BB,8,BB,10,AA,8,BB,9,AB,220,8.15,8.04,-
22,2315022,8,BB,9,AB,9,AB,8,BB,9,AB,8,BB,9,AB,9,AB,8,BB,230,8.52,7.76,-
23,2315023,8,BB,7,BC,10,AA,6,CC,8,BB,10,AA,9,AB,8,BB,8,BB,218,8.07,7.53,-
24,2315024,5,CD,9,AB,10,AA,5,CD,8,BB,7,BC,9,AB,7,BC,8,BB,197,7.30,6.91,-
25,2315025,6,CC,8,BB,10,AA,8,BB,9,AB,9,AB,8,BB,9,AB,9,AB,226,8.37,8.18,-
26,2315026,6,CC,8,BB,9,AB,5,CD,8,BB,7,BC,9,AB,6,CC,9,AB,192,7.11,6,-
27,2315027,7,BC,7,BC,10,AA,5,CD,8,BB,7,BC,9,AB,7,BC,7,BC,193,7.15,6.85,-
28,2315028,9,AB,9,AB,10,AA,8,BB,9,AB,10,AA,9,AB,8,BB,8,BB,239,8.85,8.31,-
29,2315029,7,BC,7,BC,10,AA,7,BC,8,BB,6,CC,9,AB,7,BC,7,BC,197,7.30,7.2,-
30,2315030,7,BC,6,CC,10,AA,7,BC,9,AB,5,CD,9,AB,5,CD,7,BC,183,6.78,6.42,-
Slno,Regn. No.,CE 102,(3),CH 101,(4),CH 111,(2),CS 101,(4),CS 111,(2),EC 101,(4),EC 111,(2),MA 102,(4),ME 111,(2),GP,SGPA,CGPA,EAA
31,2315031,7,BC,9,AB,10,AA,9,AB,9,AB,9,AB,9,AB,10,AA,9,AB,243,9.00,8.78,-
32,2315032,7,BC,9,AB,10,AA,8,BB,9,AB,9,AB,9,AB,8,BB,9,AB,231,8.56,8.36,-
33,2315033,6,CC,7,BC,9,AB,6,CC,8,BB,6,CC,9,AB,5,CD,8,BB,182,6.74,6.38,-
34,2315034,8,BB,9,AB,10,AA,8,BB,9,AB,9,AB,9,AB,10,AA,7,BC,238,8.81,8.69,-
35,2315035,6,CC,7,BC,9,AB,5,CD,8,BB,8,BB,9,AB,6,CC,5,CD,184,6.81,6.95,-
36,2315036,6,CC,7,BC,9,AB,6,CC,8,BB,9,AB,9,AB,7,BC,7,BC,200,7.41,7.4,-
37,2315037,5,CD,8,BB,9,AB,8,BB,9,AB,9,AB,9,AB,9,AB,8,BB,221,8.19,7.84,-
38,2315038,6,CC,8,BB,8,BB,7,BC,10,AA,8,BB,9,AB,8,BB,9,AB,214,7.93,7.76,-
39,2315039,8,BB,10,AA,9,AB,9,AB,10,AA,10,AA,9,AB,10,AA,9,AB,254,9.41,9.25,-
40,2315040,6,CC,9,AB,10,AA,9,AB,9,AB,9,AB,9,AB,7,BC,9,AB,228,8.44,8.47,-
41,2315041,8,BB,10,AA,9,AB,7,BC,9,AB,9,AB,9,AB,9,AB,7,BC,232,8.59,7.91,-
42,2315042,6,CC,8,BB,9,AB,7,BC,10,AA,9,AB,9,AB,7,BC,7,BC,212,7.85,7.4,-
43,2315043,8,BB,9,AB,8,BB,10,AA,10,AA,10,AA,9,AB,10,AA,8,BB,250,9.26,8.84,-
44,2315044,5,CD,5,CD,9,AB,4,DD,8,BB,5,CD,10,AA,5,CD,5,CD,155,5.74,5.53,-
45,2315045,6,CC,8,BB,9,AB,9,AB,10,AA,8,BB,9,AB,8,BB,7,BC,220,8.15,7.75,-
46,2315046,7,BC,8,BB,9,AB,9,AB,9,AB,9,AB,10,AA,7,BC,7,BC,223,8.26,7.82,-
47,2315047,6,CC,6,CC,9,AB,5,CD,8,BB,7,BC,9,AB,5,CD,8,BB,178,6.59,6.42,-
48,2315048,5,CD,5,CD,9,AB,4,DD,9,AB,7,BC,9,AB,7,BC,8,BB,177,6.56,6.91,-
49,2315049,8,BB,8,BB,8,BB,6,CC,10,AA,8,BB,9,AB,6,CC,8,BB,206,7.63,6.55,-
50,2315050,5,CD,7,BC,9,AB,10,AA,10,AA,9,AB,10,AA,8,BB,8,BB,225,8.33,8.13,-
51,2315051,6,CC,9,AB,10,AA,8,BB,9,AB,9,AB,9,AB,9,AB,9,AB,232,8.59,8.65,-
52,2315052,7,BC,10,AA,10,AA,10,AA,10,AA,10,AA,9,AB,9,AB,10,AA,255,9.44,9.29,-
53,2315053,6,CC,7,BC,8,BB,6,CC,8,BB,8,BB,8,BB,6,CC,7,BC,188,6.96,6.75,-
54,2315054,6,CC,7,BC,9,AB,5,CD,9,AB,6,CC,9,AB,6,CC,6,CC,180,6.67,6.6,-
55,2315055,8,BB,9,AB,10,AA,9,AB,10,AA,7,BC,9,AB,8,BB,10,AA,234,8.67,8.62,-
56,2315056,6,CC,9,AB,10,AA,9,AB,9,AB,9,AB,9,AB,7,BC,10,AA,230,8.52,8.15,-
57,2315057,9,AB,10,AA,10,AA,9,AB,9,AB,9,AB,9,AB,9,AB,9,AB,249,9.22,8.55,-
58,2315058,6,CC,8,BB,9,AB,8,BB,9,AB,8,BB,8,BB,9,AB,9,AB,220,8.15,7.93,-
59,2315059,6,CC,7,BC,10,AA,7,BC,9,AB,7,BC,9,AB,7,BC,7,BC,200,7.41,7.38,-
60,2315060,6,CC,9,AB,10,AA,7,BC,10,AA,8,BB,9,AB,9,AB,8,BB,224,8.30,7.8,-
61,2315061,10,AA,10,AA,10,AA,10,AA,10,AA,9,AB,8,BB,9,AB,9,AB,256,9.48,8.51,-
62,2315062,5,CD,6,CC,10,AA,7,BC,8,BB,7,BC,8,BB,5,CD,9,AB,185,6.85,6.04,-
63,2315063,7,BC,9,AB,9,AB,7,BC,9,AB,7,BC,9,AB,8,BB,9,AB,217,8.04,7.84,-
64,2315064,8,BB,10,AA,10,AA,9,AB,10,AA,10,AA,9,AB,8,BB,10,AA,250,9.26,8.84,-
65,2315065,8,BB,10,AA,10,AA,7,BC,10,AA,9,AB,9,AB,8,BB,9,AB,236,8.74,8,-
66,2315066,6,CC,9,AB,10,AA,9,AB,10,AA,10,AA,10,AA,10,AA,9,AB,248,9.19,8.47,-
67,2315067,6,CC,8,BB,8,BB,6,CC,10,AA,7,BC,9,AB,8,BB,7,BC,202,7.48,7.29,-
68,2315068,5,CD,6,CC,8,BB,4,DD,8,BB,6,CC,9,AB,4,DD,7,BC,159,5.89,5.89,-
Slno,Regn. No.,CE 102,(3),CH 101,(4),CH 111,(2),CS 101,(4),CS 111,(2),EC 101,(4),EC 111,(2),MA 102,(4),ME 111,(2),GP,SGPA,CGPA,EAA
69,2315069,6,CC,7,BC,10,AA,6,CC,9,AB,5,CD,9,AB,7,BC,8,BB,190,7.04,7.02,-
70,2315070,10,AA,10,AA,10,AA,9,AB,10,AA,10,AA,8,BB,8,BB,10,AA,254,9.41,8.98,-
71,2315072,7,BC,7,BC,8,BB,5,CD,9,AB,6,CC,9,AB,8,BB,8,BB,193,7.15,6.53,-
72,2315073,8,BB,8,BB,9,AB,6,CC,9,AB,7,BC,9,AB,8,BB,9,AB,212,7.85,6.69,-
73,2315074,6,CC,9,AB,10,AA,7,BC,9,AB,8,BB,9,AB,8,BB,9,AB,220,8.15,7.78,-
74,2315075,6,CC,8,BB,10,AA,6,CC,9,AB,8,BB,9,AB,7,BC,8,BB,206,7.63,7.33,-
75,2315076,5,CD,8,BB,9,AB,8,BB,9,AB,8,BB,9,AB,7,BC,7,BC,207,7.67,7.2,-
76,2315077,6,CC,9,AB,9,AB,8,BB,9,AB,7,BC,9,AB,8,BB,9,AB,218,8.07,7.85,-
77,2315078,6,CC,9,AB,9,AB,7,BC,10,AA,9,AB,10,AA,7,BC,9,AB,222,8.22,8.11,-
78,2315079,5,CD,7,BC,9,AB,6,CC,9,AB,7,BC,9,AB,6,CC,9,AB,191,7.07,6.8,-
79,2315080,5,CD,7,BC,8,BB,5,CD,10,AA,9,AB,9,AB,7,BC,7,BC,195,7.22,6.69,-
80,2315081,7,BC,9,AB,10,AA,7,BC,9,AB,10,AA,9,AB,9,AB,8,BB,233,8.63,8.13,-
81,2315082,6,CC,7,BC,9,AB,7,BC,10,AA,8,BB,8,BB,7,BC,8,BB,204,7.56,6.42,-
82,2315083,8,BB,9,AB,10,AA,10,AA,9,AB,9,AB,9,AB,10,AA,8,BB,248,9.19,8.91,-
83,2315084,7,BC,7,BC,9,AB,9,AB,10,AA,8,BB,9,AB,7,BC,10,AA,221,8.19,7.4,-
84,2315085,6,CC,8,BB,9,AB,7,BC,8,BB,9,AB,8,BB,9,AB,7,BC,214,7.93,7.89,-
85,2315086,8,BB,8,BB,9,AB,8,BB,10,AA,8,BB,8,BB,5,CD,9,AB,212,7.85,7.33,-
86,2315087,8,BB,7,BC,8,BB,5,CD,8,BB,8,BB,8,BB,5,CD,7,BC,186,6.89,6.62,-
87,2315088,6,CC,7,BC,9,AB,8,BB,9,AB,7,BC,8,BB,7,BC,7,BC,200,7.41,7.4,-
88,2315089,5,CD,5,CD,9,AB,5,CD,8,BB,6,CC,8,BB,6,CC,8,BB,169,6.26,6.15,-
89,2315090,6,CC,9,AB,9,AB,8,BB,9,AB,9,AB,9,AB,8,BB,9,AB,226,8.37,8.04,-
90,2315091,8,BB,8,BB,9,AB,6,CC,10,AA,9,AB,9,AB,8,BB,7,BC,218,8.07,7.69,-
91,2315092,6,CC,8,BB,9,AB,8,BB,9,AB,8,BB,9,AB,7,BC,8,BB,212,7.85,7.55,-
92,2315093,7,BC,8,BB,10,AA,9,AB,9,AB,7,BC,9,AB,7,BC,9,AB,219,8.11,7.53,-
93,2315094,5,CD,7,BC,9,AB,8,BB,9,AB,5,CD,8,BB,6,CC,0,F,171,6.33,6.78,-
94,2315095,8,BB,9,AB,10,AA,5,CD,9,AB,8,BB,9,AB,7,BC,7,BC,210,7.78,7.87,-
95,2315096,10,AA,10,AA,10,AA,9,AB,10,AA,10,AA,9,AB,10,AA,8,BB,260,9.63,9.25,-
96,2315097,7,BC,10,AA,10,AA,8,BB,9,AB,10,AA,9,AB,8,BB,7,BC,235,8.70,8.45,-
97,2315098,6,CC,9,AB,10,AA,7,BC,9,AB,8,BB,9,AB,8,BB,7,BC,216,8.00,7.73,-
98,2315099,7,BC,7,BC,10,AA,8,BB,9,AB,7,BC,9,AB,7,BC,8,BB,209,7.74,7.04,-
99,2315100,6,CC,6,CC,9,AB,4,DD,8,BB,5,CD,7,BC,5,CD,9,AB,164,6.07,4.51,-
Slno,Regn. No.,CE 102,(3),CH 101,(4),CH 111,(2),CS 101,(4),CS 111,(2),EC 101,(4),EC 111,(2),MA 102,(4),ME 111,(2),GP,SGPA,CGPA,EAA
1,2316001,8,BB,6,CC,9,AB,8,BB,9,AB,6,CC,8,BB,7,BC,7,BC,198,7.33,6.98,-
2,2316002,7,BC,5,CD,8,BB,6,CC,5,CD,4,DD,8,BB,5,CD,6,CC,155,5.74,6.22,-
3,2316003,8,BB,8,BB,9,AB,9,AB,10,AA,6,CC,9,AB,7,BC,6,CC,212,7.85,7.55,-
4,2316004,8,BB,8,BB,9,AB,9,AB,6,CC,8,BB,9,AB,6,CC,7,BC,210,7.78,7.51,-
5,2316005,4,DD,5,CD,9,AB,5,CD,5,CD,5,CD,9,AB,5,CD,6,CC,150,5.56,5.8,-
6,2316006,6,CC,4,DD,8,BB,5,CD,5,CD,0,F,8,BB,0,F,0,F,96,3.56,2.95,-
7,2316007,9,AB,9,AB,9,AB,6,CC,5,CD,7,BC,9,AB,7,BC,6,CC,201,7.44,7.65,-
8,2316008,9,AB,8,BB,9,AB,10,AA,10,AA,8,BB,9,AB,9,AB,7,BC,237,8.78,8.51,-
9,2316009,8,BB,9,AB,9,AB,7,BC,10,AA,7,BC,8,BB,8,BB,6,CC,214,7.93,7.55,-
10,2316010,9,AB,10,AA,9,AB,10,AA,10,AA,7,BC,9,AB,10,AA,7,BC,245,9.07,8.78,-
11,2316011,8,BB,9,AB,9,AB,9,AB,9,AB,7,BC,8,BB,6,CC,6,CC,212,7.85,7.65,-
12,2316012,8,BB,6,CC,8,BB,7,BC,7,BC,6,CC,8,BB,5,CD,5,CD,176,6.52,6.4,-
13,2316013,9,AB,10,AA,9,AB,9,AB,9,AB,7,BC,9,AB,10,AA,10,AA,245,9.07,8.64,-
14,2316014,7,BC,6,CC,9,AB,4,DD,7,BC,5,CD,8,BB,5,CD,7,BC,163,6.04,5.64,-
15,2316015,8,BB,7,BC,9,AB,6,CC,7,BC,5,CD,8,BB,5,CD,8,BB,180,6.67,6.75,-
16,2316017,10,AA,10,AA,10,AA,9,AB,9,AB,8,BB,9,AB,8,BB,8,BB,242,8.96,8.67,-
17,2316018,7,BC,7,BC,9,AB,8,BB,10,AA,8,BB,9,AB,9,AB,8,BB,221,8.19,7.78,-
18,2316019,6,CC,6,CC,9,AB,7,BC,8,BB,6,CC,9,AB,6,CC,7,BC,184,6.81,6.98,-
19,2316020,8,BB,10,AA,9,AB,10,AA,10,AA,7,BC,8,BB,9,AB,8,BB,238,8.81,8.71,-
20,2316021,9,AB,7,BC,9,AB,6,CC,10,AA,6,CC,8,BB,7,BC,8,BB,201,7.44,7.24,-
21,2316022,9,AB,9,AB,9,AB,9,AB,9,AB,8,BB,9,AB,9,AB,8,BB,237,8.78,8.84,-
22,2316023,8,BB,7,BC,9,AB,5,CD,5,CD,7,BC,8,BB,6,CC,8,BB,184,6.81,6.78,-
23,2316024,6,CC,8,BB,9,AB,6,CC,5,CD,7,BC,8,BB,8,BB,8,BB,194,7.19,7.13,-
24,2316025,8,BB,5,CD,9,AB,5,CD,5,CD,4,DD,8,BB,0,F,7,BC,138,5.11,4.27,-
25,2316026,8,BB,8,BB,9,AB,6,CC,7,BC,6,CC,8,BB,7,BC,6,CC,192,7.11,7.18,-
26,2316027,8,BB,7,BC,9,AB,7,BC,7,BC,6,CC,9,AB,7,BC,6,CC,194,7.19,6.89,-
27,2316028,8,BB,9,AB,9,AB,9,AB,7,BC,8,BB,9,AB,8,BB,6,CC,222,8.22,7.87,-
28,2316029,7,BC,7,BC,9,AB,6,CC,10,AA,6,CC,9,AB,7,BC,7,BC,195,7.22,6.75,-
29,2316030,8,BB,9,AB,9,AB,8,BB,8,BB,7,BC,8,BB,10,AA,8,BB,226,8.37,7.93,-
30,2316031,10,AA,9,AB,9,AB,7,BC,8,BB,7,BC,9,AB,7,BC,8,BB,218,8.07,7.84,-
Slno,Regn. No.,CE 102,(3),CH 101,(4),CH 111,(2),CS 101,(4),CS 111,(2),EC 101,(4),EC 111,(2),MA 102,(4),ME 111,(2),GP,SGPA,CGPA,EAA
31,2316032,8,BB,5,CD,9,AB,7,BC,7,BC,5,CD,9,AB,6,CC,7,BC,180,6.67,6.35,-
32,2316033,7,BC,6,CC,8,BB,5,CD,7,BC,4,DD,9,AB,5,CD,8,BB,165,6.11,6.55,-
33,2316034,7,BC,7,BC,9,AB,6,CC,7,BC,6,CC,9,AB,7,BC,8,BB,191,7.07,6.85,-
34,2316035,8,BB,8,BB,9,AB,8,BB,10,AA,6,CC,9,AB,7,BC,7,BC,210,7.78,7.22,-
35,2316036,8,BB,9,AB,9,AB,9,AB,8,BB,7,BC,9,AB,9,AB,7,BC,226,8.37,8,-
36,2316037,8,BB,6,CC,9,AB,6,CC,7,BC,0,F,7,BC,6,CC,7,BC,156,5.78,5.15,-
37,2316038,6,CC,8,BB,9,AB,5,CD,6,CC,6,CC,8,BB,7,BC,8,BB,184,6.81,7.07,-
38,2316039,9,AB,8,BB,9,AB,7,BC,6,CC,6,CC,9,AB,7,BC,8,BB,203,7.52,7.15,-
39,2316040,9,AB,6,CC,9,AB,6,CC,7,BC,5,CD,9,AB,0,F,6,CC,157,5.81,4.55,-
40,2316041,7,BC,6,CC,9,AB,6,CC,7,BC,4,DD,9,AB,4,DD,8,BB,167,6.19,6,-
41,2316042,8,BB,10,AA,9,AB,10,AA,6,CC,8,BB,9,AB,8,BB,8,BB,232,8.59,8.25,-
42,2316043,7,BC,6,CC,8,BB,5,CD,5,CD,6,CC,8,BB,6,CC,6,CC,167,6.19,6.33,-
43,2316044,8,BB,8,BB,10,AA,6,CC,6,CC,6,CC,6,CC,5,CD,7,BC,182,6.74,6.71,-
44,2316045,9,AB,10,AA,10,AA,10,AA,10,AA,8,BB,9,AB,9,AB,10,AA,253,9.37,9.16,-
45,2316046,8,BB,9,AB,10,AA,10,AA,10,AA,7,BC,8,BB,8,BB,8,BB,232,8.59,8.27,-
46,2316047,8,BB,9,AB,10,AA,8,BB,10,AA,7,BC,9,AB,7,BC,8,BB,222,8.22,8.2,-
47,2316048,8,BB,9,AB,9,AB,8,BB,10,AA,7,BC,8,BB,8,BB,7,BC,220,8.15,7.87,-
48,2316049,8,BB,7,BC,9,AB,7,BC,10,AA,7,BC,8,BB,6,CC,7,BC,200,7.41,7.27,-
49,2316050,6,CC,5,CD,9,AB,9,AB,10,AA,5,CD,7,BC,6,CC,6,CC,182,6.74,6.53,-
50,2316051,9,AB,9,AB,10,AA,6,CC,7,BC,6,CC,8,BB,8,BB,8,BB,209,7.74,7.71,-
51,2316052,8,BB,8,BB,10,AA,8,BB,8,BB,7,BC,7,BC,7,BC,8,BB,210,7.78,7.55,-
52,2316053,8,BB,9,AB,10,AA,8,BB,10,AA,7,BC,8,BB,8,BB,7,BC,222,8.22,7.96,-
53,2316054,9,AB,8,BB,10,AA,10,AA,10,AA,7,BC,7,BC,7,BC,9,AB,227,8.41,8.05,-
54,2316055,7,BC,6,CC,9,AB,7,BC,10,AA,6,CC,7,BC,7,BC,7,BC,191,7.07,7.18,-
55,2316056,8,BB,8,BB,10,AA,8,BB,10,AA,7,BC,7,BC,8,BB,9,AB,220,8.15,8.18,-
56,2316057,9,AB,8,BB,8,BB,6,CC,7,BC,5,CD,8,BB,7,BC,6,CC,189,7.00,6.67,-
57,2316058,8,BB,8,BB,10,AA,7,BC,7,BC,7,BC,7,BC,8,BB,7,BC,206,7.63,7.55,-
58,2316059,0,F,0,F,0,F,0,F,0,F,0,F,,,0,F,0,F,0,0.00,0,-
59,2316060,9,AB,10,AA,10,AA,10,AA,10,AA,8,BB,10,AA,10,AA,10,AA,259,9.59,9.22,-
60,2316061,6,CC,4,DD,9,AB,5,CD,6,CC,4,DD,6,CC,4,DD,6,CC,140,5.19,4.75,-
61,2316062,7,BC,7,BC,9,AB,7,BC,6,CC,6,CC,9,AB,7,BC,9,AB,195,7.22,7.38,-
62,2316063,8,BB,9,AB,10,AA,9,AB,10,AA,8,BB,7,BC,10,AA,10,AA,242,8.96,8.36,-
63,2316064,8,BB,8,BB,9,AB,8,BB,10,AA,7,BC,9,AB,8,BB,8,BB,220,8.15,7.8,-
64,2316065,8,BB,8,BB,10,AA,9,AB,10,AA,7,BC,9,AB,8,BB,8,BB,226,8.37,8,-
65,2316066,9,AB,9,AB,10,AA,10,AA,9,AB,7,BC,9,AB,7,BC,10,AA,235,8.70,8.49,-
66,2316067,9,AB,7,BC,10,AA,7,BC,9,AB,6,CC,7,BC,7,BC,9,AB,205,7.59,6.91,-
67,2316068,8,BB,8,BB,10,AA,7,BC,10,AA,6,CC,6,CC,7,BC,7,BC,202,7.48,7.24,-
68,2316069,8,BB,7,BC,9,AB,5,CD,8,BB,4,DD,8,BB,6,CC,7,BC,176,6.52,6.25,-
Slno,Regn. No.,CE 102,(3),CH 101,(4),CH 111,(2),CS 101,(4),CS 111,(2),EC 101,(4),EC 111,(2),MA 102,(4),ME 111,(2),GP,SGPA,CGPA,EAA
69,2316070,8,BB,7,BC,9,AB,6,CC,9,AB,5,CD,7,BC,4,DD,8,BB,178,6.59,6,-
70,2316071,7,BC,8,BB,10,AA,9,AB,8,BB,7,BC,7,BC,6,CC,7,BC,205,7.59,7.04,-
71,2316072,8,BB,7,BC,10,AA,7,BC,9,AB,7,BC,9,AB,4,DD,9,AB,198,7.33,7.27,-
72,2316073,8,BB,7,BC,10,AA,8,BB,9,AB,6,CC,8,BB,7,BC,7,BC,204,7.56,7.55,-
73,2316074,8,BB,9,AB,10,AA,8,BB,9,AB,5,CD,7,BC,8,BB,6,CC,208,7.70,7.64,-
74,2316075,8,BB,6,CC,9,AB,9,AB,8,BB,5,CD,8,BB,5,CD,8,BB,190,7.04,7.16,-
75,2316076,8,BB,8,BB,10,AA,8,BB,7,BC,6,CC,8,BB,8,BB,7,BC,208,7.70,7.64,-
76,2316077,8,BB,8,BB,10,AA,9,AB,10,AA,7,BC,8,BB,8,BB,10,AA,228,8.44,8.44,-
77,2316078,7,BC,8,BB,10,AA,7,BC,5,CD,7,BC,8,BB,6,CC,8,BB,195,7.22,7.09,-
78,2316079,9,AB,8,BB,9,AB,8,BB,7,BC,5,CD,8,BB,9,AB,7,BC,209,7.74,7.42,-
79,2316080,8,BB,9,AB,9,AB,10,AA,10,AA,8,BB,10,AA,8,BB,9,AB,240,8.89,8.58,-
80,2316081,9,AB,8,BB,9,AB,9,AB,10,AA,7,BC,9,AB,9,AB,8,BB,231,8.56,8.58,-
81,2316082,9,AB,9,AB,10,AA,7,BC,9,AB,5,CD,9,AB,9,AB,7,BC,217,8.04,8.04,-
82,2316083,9,AB,8,BB,10,AA,7,BC,9,AB,6,CC,8,BB,7,BC,7,BC,207,7.67,7.67,-
83,2316084,9,AB,8,BB,9,AB,9,AB,10,AA,7,BC,9,AB,7,BC,10,AA,227,8.41,7.95,-
84,2316085,9,AB,8,BB,10,AA,5,CD,6,CC,8,BB,10,AA,8,BB,8,BB,211,7.81,7.95,-
85,2316086,8,BB,9,AB,10,AA,10,AA,10,AA,8,BB,9,AB,9,AB,9,AB,244,9.04,8.73,-
86,2316087,7,BC,8,BB,9,AB,4,DD,6,CC,6,CC,8,BB,5,CD,6,CC,171,6.33,6.64,-
87,2316088,6,CC,5,CD,10,AA,0,F,7,BC,5,CD,8,BB,5,CD,8,BB,144,5.33,5.58,-
88,2316089,6,CC,6,CC,9,AB,4,DD,7,BC,4,DD,8,BB,5,CD,6,CC,154,5.70,6.02,-
89,2316090,6,CC,6,CC,8,BB,5,CD,8,BB,5,CD,6,CC,7,BC,5,CD,164,6.07,6.6,-
90,2316091,8,BB,8,BB,10,AA,5,CD,8,BB,7,BC,8,BB,5,CD,8,BB,192,7.11,7.38,-
91,2316092,10,AA,10,AA,10,AA,7,BC,9,AB,8,BB,9,AB,9,AB,9,AB,240,8.89,8.65,-
92,2316093,7,BC,8,BB,10,AA,5,CD,9,AB,6,CC,8,BB,8,BB,7,BC,197,7.30,6.58,-
93,2316094,6,CC,8,BB,9,AB,5,CD,10,AA,5,CD,8,BB,6,CC,8,BB,184,6.81,6.18,-
94,2316095,9,AB,10,AA,10,AA,9,AB,9,AB,7,BC,9,AB,7,BC,9,AB,233,8.63,8.11,-
95,2316096,6,CC,7,BC,10,AA,5,CD,6,CC,0,F,8,BB,5,CD,6,CC,146,5.41,5.65,-
96,2316097,8,BB,9,AB,10,AA,7,BC,9,AB,8,BB,8,BB,8,BB,8,BB,222,8.22,7.65,-
97,2316098,7,BC,8,BB,10,AA,5,CD,9,AB,7,BC,8,BB,8,BB,10,AA,207,7.67,7.44,-
98,2316099,10,AA,9,AB,10,AA,7,BC,10,AA,6,CC,9,AB,7,BC,10,AA,224,8.30,7.93,-
99,2316100,10,AA,9,AB,10,AA,7,BC,8,BB,8,BB,9,AB,8,BB,10,AA,232,8.59,8.07,-
100,2316101,8,BB,9,AB,10,AA,6,CC,7,BC,8,BB,9,AB,7,BC,7,BC,210,7.78,7.64,-
101,2316102,7,BC,7,BC,9,AB,4,DD,8,BB,6,CC,9,AB,6,CC,7,BC,179,6.63,6.53,-
102,2316103,8,BB,9,AB,8,BB,5,CD,8,BB,7,BC,8,BB,7,BC,7,BC,198,7.33,7.49,-
103,2316104,0,F,0,F,0,F,0,F,0,F,0,F,0,F,0,F,0,F,0,0.00,4.07,-
104,2316106,8,BB,8,BB,8,BB,7,BC,9,AB,6,CC,9,AB,6,CC,8,BB,200,7.41,7.69,-
105,2316107,10,AA,9,AB,8,BB,9,AB,10,AA,7,BC,9,AB,8,BB,7,BC,230,8.52,8.42,-
106,2316108,7,BC,7,BC,9,AB,5,CD,7,BC,7,BC,9,AB,7,BC,7,BC,189,7.00,7,-
Slno,Regn. No.,CE 102,(3),CH 101,(4),CH 111,(2),CS 101,(4),CS 111,(2),EC 101,(4),EC 111,(2),MA 102,(4),ME 111,(2),GP,SGPA,CGPA,EAA
107,2316109,7,BC,7,BC,9,AB,7,BC,9,AB,7,BC,8,BB,5,CD,9,AB,195,7.22,6.95,-
108,2316110,6,CC,4,DD,8,BB,4,DD,6,CC,4,DD,8,BB,5,CD,7,BC,144,5.33,4.47,-
109,2316111,9,AB,8,BB,10,AA,4,DD,9,AB,6,CC,8,BB,5,CD,10,AA,193,7.15,7.02,-
110,2316112,7,BC,7,BC,10,AA,6,CC,9,AB,7,BC,9,AB,8,BB,8,BB,205,7.59,7.16,-
111,2316113,10,AA,10,AA,10,AA,9,AB,10,AA,9,AB,9,AB,9,AB,9,AB,254,9.41,9.04,-
112,2316114,8,BB,9,AB,10,AA,5,CD,8,BB,8,BB,8,BB,8,BB,8,BB,212,7.85,7.6,-
113,2316115,7,BC,5,CD,9,AB,4,DD,6,CC,5,CD,8,BB,6,CC,7,BC,161,5.96,6.09,-
114,2316116,6,CC,5,CD,9,AB,7,BC,7,BC,7,BC,7,BC,7,BC,5,CD,178,6.59,7.45,-
115,2316117,9,AB,10,AA,10,AA,7,BC,8,BB,8,BB,9,AB,9,AB,8,BB,233,8.63,8.8,-
116,2316118,10,AA,10,AA,10,AA,8,BB,10,AA,8,BB,9,AB,9,AB,10,AA,248,9.19,9.02,-
117,2316119,8,BB,8,BB,10,AA,5,CD,8,BB,6,CC,9,AB,5,CD,6,CC,186,6.89,5.71,-
118,2316120,7,BC,6,CC,9,AB,4,DD,8,BB,5,CD,9,AB,4,DD,6,CC,161,5.96,5.38,-
119,2316121,6,CC,5,CD,8,BB,4,DD,8,BB,5,CD,8,BB,6,CC,6,CC,158,5.85,5.07,-
120,2316122,7,BC,8,BB,9,AB,4,DD,9,AB,6,CC,8,BB,8,BB,7,BC,191,7.07,7.31,-
121,2316123,9,AB,8,BB,10,AA,5,CD,8,BB,8,BB,9,AB,7,BC,8,BB,209,7.74,7.62,-
122,2316124,9,AB,10,AA,10,AA,10,AA,10,AA,8,BB,10,AA,7,BC,9,AB,245,9.07,8.84,-
123,2316125,6,CC,5,CD,8,BB,5,CD,8,BB,5,CD,8,BB,8,BB,7,BC,172,6.37,6.47,-
124,2316126,8,BB,7,BC,9,AB,4,DD,8,BB,7,BC,8,BB,6,CC,7,BC,184,6.81,6.64,-
125,2316127,8,BB,9,AB,9,AB,7,BC,9,AB,8,BB,9,AB,8,BB,8,BB,222,8.22,7.49,-
126,2316128,7,BC,6,CC,7,BC,5,CD,8,BB,7,BC,9,AB,6,CC,7,BC,179,6.63,6.89,-
127,2316129,5,CD,0,F,8,BB,0,F,6,CC,4,DD,8,BB,0,F,6,CC,87,3.22,2.91,-
128,2316130,7,BC,7,BC,9,AB,4,DD,8,BB,5,CD,10,AA,6,CC,9,AB,181,6.70,7.29,-
129,2316131,8,BB,10,AA,10,AA,10,AA,10,AA,8,BB,10,AA,8,BB,9,AB,246,9.11,8.76,-
130,2316132,8,BB,9,AB,10,AA,7,BC,10,AA,8,BB,9,AB,6,CC,8,BB,218,8.07,7.82,-
131,2316133,6,CC,7,BC,9,AB,6,CC,10,AA,7,BC,10,AA,8,BB,7,BC,202,7.48,7.6,-
132,2316134,9,AB,9,AB,9,AB,6,CC,10,AA,8,BB,9,AB,8,BB,9,AB,225,8.33,8.11,-
133,2316135,7,BC,6,CC,9,AB,6,CC,9,AB,7,BC,9,AB,9,AB,7,BC,201,7.44,7.35,-
134,2316136,7,BC,6,CC,7,BC,4,DD,5,CD,4,DD,9,AB,4,DD,7,BC,149,5.52,5.15,-
135,2316137,9,AB,9,AB,10,AA,5,CD,10,AA,7,BC,10,AA,9,AB,9,AB,225,8.33,8.36,-
136,2316138,5,CD,5,CD,9,AB,0,F,5,CD,5,CD,8,BB,6,CC,6,CC,135,5.00,6.02,-
137,2316139,6,CC,5,CD,9,AB,4,DD,7,BC,4,DD,8,BB,4,DD,7,BC,148,5.48,5.93,-
138,2316140,5,CD,5,CD,8,BB,0,F,6,CC,6,CC,8,BB,4,DD,7,BC,133,4.93,4.07,-
139,2316141,9,AB,10,AA,9,AB,6,CC,7,BC,8,BB,8,BB,8,BB,6,CC,215,7.96,7.93,-
140,2316142,8,BB,7,BC,8,BB,7,BC,9,AB,8,BB,10,AA,8,BB,7,BC,212,7.85,7.95,-
141,2316143,7,BC,6,CC,8,BB,4,DD,7,BC,7,BC,8,BB,4,DD,7,BC,165,6.11,5.6,-
142,2316144,9,AB,9,AB,9,AB,9,AB,9,AB,8,BB,9,AB,7,BC,10,AA,233,8.63,8.44,-
143,2316145,8,BB,6,CC,9,AB,5,CD,8,BB,7,BC,10,AA,6,CC,8,BB,190,7.04,6.95,-
144,2316146,5,CD,0,F,8,BB,4,DD,7,BC,4,DD,8,BB,0,F,8,BB,109,4.04,4.18,-
Slno,Regn. No.,CE 102,(3),CH 101,(4),CH 111,(2),CS 101,(4),CS 111,(2),EC 101,(4),EC 111,(2),MA 102,(4),ME 111,(2),GP,SGPA,CGPA,EAA
145,2316147,8,BB,8,BB,9,AB,5,CD,8,BB,7,BC,10,AA,6,CC,9,AB,200,7.41,6.91,-
146,2316148,9,AB,8,BB,9,AB,6,CC,9,AB,8,BB,9,AB,9,AB,9,AB,223,8.26,8,-
147,2316149,9,AB,10,AA,9,AB,6,CC,9,AB,9,AB,9,AB,7,BC,9,AB,227,8.41,8.25,-
148,2316150,7,BC,7,BC,10,AA,4,DD,9,AB,8,BB,9,AB,5,CD,7,BC,187,6.93,6.75,-
149,2316151,8,BB,8,BB,8,BB,7,BC,9,AB,7,BC,8,BB,6,CC,8,BB,202,7.48,7.78,-
150,2316152,8,BB,6,CC,8,BB,5,CD,10,AA,5,CD,8,BB,4,DD,8,BB,172,6.37,5.4,-
151,2316153,10,AA,10,AA,10,AA,10,AA,10,AA,8,BB,9,AB,4,DD,10,AA,236,8.74,8.31,-
152,2316154,7,BC,9,AB,10,AA,6,CC,10,AA,8,BB,9,AB,10,AA,9,AB,229,8.48,8.31,-
153,2316155,7,BC,8,BB,9,AB,6,CC,10,AA,7,BC,8,BB,9,AB,8,BB,211,7.81,7.76,-
154,2316156,8,BB,7,BC,9,AB,6,CC,9,AB,7,BC,9,AB,7,BC,7,BC,200,7.41,7.42,-
155,2316157,8,BB,8,BB,9,AB,6,CC,9,AB,6,CC,9,AB,6,CC,8,BB,198,7.33,7.04,-
156,2316158,7,BC,7,BC,7,BC,4,DD,9,AB,4,DD,8,BB,6,CC,7,BC,167,6.19,6.27,-
157,2316159,7,BC,8,BB,8,BB,5,CD,9,AB,7,BC,8,BB,5,CD,10,AA,191,7.07,7.02,-
158,2316160,6,CC,4,DD,8,BB,4,DD,7,BC,5,CD,8,BB,4,DD,5,CD,142,5.26,4.78,-
159,2316161,8,BB,10,AA,8,BB,8,BB,9,AB,8,BB,8,BB,7,BC,9,AB,224,8.30,8.25,-
160,2316162,6,CC,5,CD,8,BB,0,F,7,BC,4,DD,7,BC,4,DD,7,BC,128,4.74,4.44,-
161,2316163,5,CD,4,DD,8,BB,4,DD,8,BB,5,CD,9,AB,4,DD,8,BB,149,5.52,4.64,-
