regn_no,semester,GP,SGPA,CGPA,EAA
2311001,2,227.0,8.41,7.62,Satisfactory
2311002,2,125.0,4.63,4.65,Satisfactory
2311003,2,149.0,5.52,5.56,Satisfactory
2311004,2,162.0,6.0,5.91,Satisfactory
2311005,2,221.0,8.19,6.95,Satisfactory
2311006,2,158.0,5.85,2.87,Satisfactory
2311007,2,164.0,6.07,5.87,Satisfactory
2311008,2,173.0,6.41,6.24,Satisfactory
2311009,2,181.0,6.7,6.33,Satisfactory
2311010,2,236.0,8.74,8.02,Satisfactory
2311011,2,219.0,8.11,7.65,Satisfactory
2311012,2,223.0,8.26,7.31,Satisfactory
2311013,2,200.0,7.41,7.33,Satisfactory
2311014,2,212.0,7.85,7.51,Satisfactory
2311015,2,164.0,6.07,5.24,Satisfactory
2311016,2,0.0,0.0,0.0,Satisfactory
2311017,2,201.0,7.44,7.33,Satisfactory
2311018,2,228.0,8.44,8.33,Satisfactory
2311019,2,191.0,7.07,6.69,Satisfactory
2311020,2,227.0,8.41,8.07,Satisfactory
2311021,2,168.0,6.22,5.95,Satisfactory
2311022,2,214.0,7.93,7.75,Satisfactory
2311023,2,173.0,6.41,5.98,Satisfactory
2311024,2,204.0,7.56,7.09,Satisfactory
2311025,2,144.0,5.33,4.47,Satisfactory
2311026,2,225.0,8.33,8.15,Satisfactory
2311027,2,236.0,8.74,8.62,Satisfactory
2311028,2,235.0,8.7,8.49,Satisfactory
2311029,2,207.0,7.67,7.71,Satisfactory
2311030,2,169.0,6.26,5.49,Satisfactory
2311031,2,256.0,9.48,9.29,Satisfactory
2311032,2,219.0,8.11,7.93,Satisfactory
2311033,2,251.0,9.3,9.02,Satisfactory
2311034,2,219.0,8.11,7.69,Satisfactory
2311035,2,200.0,7.41,7.24,Satisfactory
2311036,2,206.0,7.63,7.62,Satisfactory
2311037,2,215.0,7.96,7.93,Satisfactory
2311038,2,236.0,8.74,8.64,Satisfactory
2311039,2,189.0,7.0,6.42,Satisfactory
2311040,2,140.0,5.19,4.76,Satisfactory
2311041,2,227.0,8.41,8.22,Satisfactory
2311042,2,182.0,6.74,6.87,Satisfactory
2311043,2,188.0,6.96,7.15,Satisfactory
2311044,2,184.0,6.81,6.4,Satisfactory
2311045,2,146.0,5.41,4.56,Satisfactory
2311046,2,238.0,8.81,8.6,Satisfactory
2311047,2,162.0,6.0,5.89,Satisfactory
2311048,2,230.0,8.52,7.84,Satisfactory
2311049,2,161.0,5.96,5.29,Satisfactory
2311050,2,188.0,6.96,6.67,Satisfactory
2311051,2,166.0,6.15,5.76,Satisfactory
2311052,2,202.0,7.48,6.87,Satisfactory
2311053,2,169.0,6.26,5.65,Satisfactory
2311054,2,195.0,7.22,6.82,Satisfactory
2311055,2,201.0,7.44,7.04,Satisfactory
2311056,2,207.0,7.67,7.4,Satisfactory
2311057,2,205.0,7.59,6.96,Satisfactory
2311059,2,201.0,7.44,6.78,Satisfactory
2311060,2,228.0,8.44,7.55,Satisfactory
2311061,2,223.0,8.26,7.93,Satisfactory
2311062,2,215.0,7.96,7.98,Satisfactory
2311063,2,224.0,8.3,7.84,Satisfactory
2311064,2,206.0,7.63,6.84,Satisfactory
2311065,2,164.0,6.07,5.91,Satisfactory
2311066,2,204.0,7.56,7.29,Satisfactory
2311067,2,177.0,6.56,6.53,Satisfactory
2311068,2,231.0,8.56,8.25,Satisfactory
2311069,2,162.0,6.0,6.09,Satisfactory
2311070,2,234.0,8.67,8.36,Satisfactory
2311071,2,224.0,8.3,7.05,Satisfactory
2311072,2,219.0,8.11,7.82,Satisfactory
2311073,2,211.0,7.81,7.58,Satisfactory
2311074,2,194.0,7.19,6.82,Satisfactory
2311075,2,190.0,7.04,6.55,Satisfactory
2311076,2,190.0,7.04,5.98,Satisfactory
2311077,2,207.0,7.67,7.31,Satisfactory
2311078,2,207.0,7.67,7.51,Satisfactory
2311079,2,230.0,8.52,8.38,Satisfactory
2311080,2,216.0,8.0,7.62,Satisfactory
2311081,2,169.0,6.26,5.84,Satisfactory
2311082,2,198.0,7.33,7.18,Satisfactory
2311083,2,189.0,7.0,6.4,Satisfactory
2311084,2,208.0,7.7,7.2,Satisfactory
2311085,2,165.0,6.11,5.6,Satisfactory
2311086,2,187.0,6.93,6.45,Satisfactory
2311087,2,161.0,5.96,5.71,Satisfactory
2311088,2,147.0,5.44,4.64,Satisfactory
2311089,2,144.0,5.33,4.91,Satisfactory
2311090,2,136.0,5.04,3.58,Satisfactory
2311091,2,156.0,5.78,4.6,Satisfactory
2311092,2,213.0,7.89,7.93,Satisfactory
2311093,2,185.0,6.85,6.38,Satisfactory
2311094,2,230.0,8.52,8.02,Satisfactory
2311095,2,170.0,6.3,6.31,Satisfactory
2311096,2,211.0,7.81,7.07,Satisfactory
2311097,2,89.0,3.3,3.04,Satisfactory
2311098,2,209.0,7.74,7.15,Satisfactory
2311099,2,239.0,8.85,8.25,Satisfactory
2311100,2,214.0,7.93,7.51,Satisfactory
2311101,2,217.0,8.04,7.33,Satisfactory
2311102,2,188.0,6.96,6.24,Satisfactory
2311103,2,198.0,7.33,7.42,Satisfactory
2311104,2,208.0,7.7,7.38,Satisfactory
2311105,2,226.0,8.37,8.24,Satisfactory
2311106,2,208.0,7.7,7.2,Satisfactory
2311107,2,196.0,7.26,6.51,Satisfactory
2311108,2,226.0,8.37,7.58,Satisfactory
2311109,2,182.0,6.74,5.27,Satisfactory
2311110,2,189.0,7.0,7.22,Satisfactory
2311111,2,169.0,6.26,5.71,Satisfactory
2311112,2,162.0,6.0,5.2,Satisfactory
2311113,2,205.0,7.59,6.55,Satisfactory
2311114,2,152.0,5.63,4.64,Satisfactory
2311115,2,109.0,4.04,3.24,Satisfactory
2311116,2,176.0,6.52,6.05,Satisfactory
2311117,2,194.0,7.19,6.36,Satisfactory
2311118,2,166.0,6.15,5.25,Satisfactory
2311119,2,226.0,8.37,7.85,Satisfactory
2311120,2,199.0,7.37,7.36,Satisfactory
2311121,2,207.0,7.67,7.31,Satisfactory
2311122,2,170.0,6.3,6.05,Satisfactory
2311123,2,163.0,6.04,4.98,Satisfactory
2311124,2,158.0,5.85,5.47,Satisfactory
2311125,2,210.0,7.78,6.89,Satisfactory
2311126,2,180.0,6.67,6.16,Satisfactory
2311127,2,193.0,7.15,6.67,Satisfactory
2311128,2,225.0,8.33,8.35,Satisfactory
2311130,2,186.0,6.89,6.45,Satisfactory
2311131,2,179.0,6.63,5.89,Satisfactory
2311132,2,193.0,7.15,6.96,Satisfactory
2311133,2,251.0,9.3,8.65,Satisfactory
2311134,2,220.0,8.15,7.56,Satisfactory
2311135,2,186.0,6.89,6.65,Satisfactory
2311136,2,204.0,7.56,7.44,Satisfactory
2311137,2,229.0,8.48,8.18,Satisfactory
2311138,2,222.0,8.22,8.02,Satisfactory
2311139,2,86.0,3.19,3.04,Satisfactory
2311140,2,252.0,9.33,9.45,Satisfactory
2311141,2,226.0,8.37,7.89,Satisfactory
2311142,2,232.0,8.59,7.53,Satisfactory
2311143,2,222.0,8.22,7.85,Satisfactory
2311144,2,195.0,7.22,7.07,Satisfactory
2311145,2,177.0,6.56,6.67,Satisfactory
2311146,2,224.0,8.3,7.87,Satisfactory
2311147,2,204.0,7.56,7.47,Satisfactory
2311148,2,248.0,9.19,8.42,Satisfactory
2311149,2,198.0,7.33,7.33,Satisfactory
2311150,2,211.0,7.81,7.75,Satisfactory
2311151,2,147.0,5.44,4.18,Satisfactory
2311152,2,125.0,4.63,3.67,Satisfactory
2311153,2,146.0,5.41,5.36,Satisfactory
2311154,2,192.0,7.11,5.45,Satisfactory
2311155,2,76.0,2.81,2.73,Satisfactory
2311156,2,161.0,5.96,3.93,Satisfactory
2312001,2,204.0,7.29,7.64,Satisfactory
2312002,2,164.0,5.86,6.2,Satisfactory
2312003,2,258.0,9.21,9.29,Satisfactory
2312004,2,258.0,9.21,9.16,Satisfactory
2312005,2,192.0,6.86,7.16,Satisfactory
2312006,2,122.0,4.36,5.2,Satisfactory
2312007,2,170.0,6.07,6.33,Satisfactory
2312008,2,180.0,6.43,6.55,Satisfactory
2312009,2,180.0,6.43,6.49,Satisfactory
2312010,2,180.0,6.43,6.8,Satisfactory
2312011,2,229.0,8.18,8.29,Satisfactory
2312012,2,228.0,8.14,7.98,Satisfactory
2312013,2,139.0,4.96,5.82,Satisfactory
2312014,2,211.0,7.54,6.69,Satisfactory
2312015,2,172.0,6.14,6.73,Satisfactory
2312016,2,133.0,4.75,5.36,Satisfactory
2312017,2,107.0,3.82,4.33,Satisfactory
2312018,2,122.0,4.36,4.49,Satisfactory
2312019,2,231.0,8.25,8.45,Satisfactory
2312020,2,240.0,8.57,8.91,Satisfactory
2312021,2,261.0,9.32,9.47,Satisfactory
2312022,2,141.0,5.04,5.36,Satisfactory
2312023,2,196.0,7.0,6.89,Satisfactory
2312024,2,228.0,8.14,8.13,Satisfactory
2312025,2,253.0,9.04,8.75,Satisfactory
2312026,2,221.0,7.89,7.49,Satisfactory
2312027,2,0.0,0.0,2.64,Satisfactory
2312028,2,226.0,8.07,8.47,Satisfactory
2312029,2,243.0,8.68,8.35,Satisfactory
2312030,2,226.0,8.07,8.02,Satisfactory
2312031,2,208.0,7.43,7.47,Satisfactory
2312032,2,193.0,6.89,7.56,Satisfactory
2312033,2,231.0,8.25,8.45,Satisfactory
2312034,2,206.0,7.36,7.05,Satisfactory
2312035,2,217.0,7.75,7.76,Satisfactory
2312036,2,184.0,6.57,6.89,Satisfactory
2312037,2,247.0,8.82,8.82,Satisfactory
2312038,2,247.0,8.82,8.22,Satisfactory
2312039,2,217.0,7.75,7.38,Satisfactory
2312040,2,181.0,6.46,7.16,Satisfactory
2312041,2,227.0,8.11,7.42,Satisfactory
2312042,2,208.0,7.43,6.8,Satisfactory
2312043,2,220.0,7.86,7.64,Satisfactory
2312044,2,218.0,7.79,7.82,Satisfactory
2312045,2,222.0,7.93,7.58,Satisfactory
2312046,2,198.0,7.07,6.65,Satisfactory
2312047,2,240.0,8.57,8.69,Satisfactory
2312048,2,206.0,7.36,7.45,Satisfactory
2312049,2,176.0,6.29,6.36,Satisfactory
2312050,2,88.0,3.14,3.96,Satisfactory
2312051,2,193.0,6.89,7.11,Satisfactory
2312052,2,236.0,8.43,8.2,Satisfactory
2312053,2,258.0,9.21,8.85,Satisfactory
2312054,2,242.0,8.64,8.6,Satisfactory
2312055,2,214.0,7.64,7.42,Satisfactory
2312056,2,241.0,8.61,8.42,Satisfactory
2312057,2,224.0,8.0,8.13,Satisfactory
2312058,2,181.0,6.46,6.71,Satisfactory
2312059,2,226.0,8.07,7.89,Satisfactory
2312060,2,236.0,8.43,8.58,Satisfactory
2312061,2,233.0,8.32,8.31,Satisfactory
2312062,2,193.0,6.89,6.65,Satisfactory
2312063,2,207.0,7.39,7.38,Satisfactory
2312064,2,214.0,7.64,7.75,Satisfactory
2312065,2,193.0,6.89,7.13,Satisfactory
2312066,2,205.0,7.32,7.16,Satisfactory
2312067,2,207.0,7.39,7.29,Satisfactory
2312068,2,209.0,7.46,7.44,Satisfactory
2312069,2,229.0,8.18,8.55,Satisfactory
2312070,2,212.0,7.57,7.29,Satisfactory
2312071,2,235.0,8.39,7.89,Satisfactory
2312072,2,261.0,9.32,9.35,Satisfactory
2312073,2,254.0,9.07,9.13,Satisfactory
2312074,2,222.0,7.93,7.82,Satisfactory
2312075,2,247.0,8.82,8.47,Satisfactory
2312076,2,252.0,9.0,8.95,Satisfactory
2312077,2,205.0,7.32,7.49,Satisfactory
2312078,2,255.0,9.11,8.69,Satisfactory
2312079,2,213.0,7.61,7.96,Satisfactory
2312080,2,228.0,8.14,7.98,Satisfactory
2312081,2,195.0,6.96,6.58,Satisfactory
2312082,2,197.0,7.04,6.82,Satisfactory
2312083,2,212.0,7.57,7.71,Satisfactory
2312084,2,219.0,7.82,7.67,Satisfactory
2312085,2,188.0,6.71,6.47,Satisfactory
2312086,2,208.0,7.43,7.33,Satisfactory
2312087,2,207.0,7.39,7.82,Satisfactory
2312088,2,238.0,8.5,7.78,Satisfactory
2312089,2,209.0,7.46,7.02,Satisfactory
2312090,2,245.0,8.75,9.07,Satisfactory
2312091,2,154.0,5.5,6.16,Satisfactory
2312092,2,221.0,7.89,8.49,Satisfactory
2312093,2,166.0,5.93,5.38,Satisfactory
2312094,2,94.0,3.36,4.22,Satisfactory
2312095,2,209.0,7.46,7.64,Satisfactory
2312096,2,245.0,8.75,8.73,Satisfactory
2312097,2,195.0,6.96,7.4,Satisfactory
2312098,2,242.0,8.64,8.95,Satisfactory
2312099,2,240.0,8.57,8.95,Satisfactory
2312100,2,217.0,7.75,8.11,Satisfactory
2312101,2,133.0,4.75,5.13,Satisfactory
2312102,2,179.0,6.39,6.87,Satisfactory
2312103,2,231.0,8.25,8.11,Satisfactory
2312104,2,146.0,5.21,5.29,Satisfactory
2312105,2,221.0,7.89,7.71,Satisfactory
2312106,2,202.0,7.21,7.44,Satisfactory
2312107,2,242.0,8.64,8.91,Satisfactory
2312108,2,206.0,7.36,6.95,Satisfactory
2312109,2,232.0,8.29,8.09,Satisfactory
2312110,2,190.0,6.79,7.2,Satisfactory
2312111,2,232.0,8.29,8.2,Satisfactory
2312112,2,238.0,8.5,8.78,Satisfactory
2312113,2,189.0,6.75,6.73,Satisfactory
2312114,2,253.0,9.04,9.22,Satisfactory
2312115,2,230.0,8.21,8.31,Satisfactory
2312116,2,209.0,7.46,7.82,Satisfactory
2312117,2,246.0,8.79,8.85,Satisfactory
2312118,2,239.0,8.54,8.64,Satisfactory
2312119,2,245.0,8.75,8.64,Satisfactory
2312120,2,239.0,8.54,8.93,Satisfactory
2312121,2,220.0,7.86,7.85,Satisfactory
2312122,2,266.0,9.5,9.35,Satisfactory
2312123,2,240.0,8.57,8.62,Satisfactory
2312124,2,223.0,7.96,8.18,Satisfactory
2312125,2,237.0,8.46,8.38,Satisfactory
2312126,2,257.0,9.18,9.36,Satisfactory
2312127,2,173.0,6.18,6.25,Satisfactory
2312128,2,191.0,6.82,6.76,Satisfactory
2312129,2,257.0,9.18,9.31,Satisfactory
2312130,2,250.0,8.93,9.09,Satisfactory
2312131,2,266.0,9.5,9.44,Satisfactory
2312132,2,230.0,8.21,8.71,Satisfactory
2312133,2,231.0,8.25,8.64,Satisfactory
2312134,2,215.0,7.68,7.76,Satisfactory
2312135,2,212.0,7.57,7.65,Satisfactory
2312136,2,219.0,7.82,7.69,Satisfactory
2312137,2,193.0,6.89,7.07,Satisfactory
2312138,2,192.0,6.86,6.98,Satisfactory
2312139,2,144.0,5.14,4.89,Satisfactory
2312140,2,77.0,2.75,4.04,Satisfactory
2312141,2,225.0,8.04,8.38,Satisfactory
2312142,2,236.0,8.43,8.78,Satisfactory
2312143,2,221.0,7.89,8.4,Satisfactory
2312144,2,178.0,6.36,6.45,Satisfactory
2312145,2,201.0,7.18,7.71,Satisfactory
2312146,2,199.0,7.11,6.87,Satisfactory
2312147,2,236.0,8.43,8.31,Satisfactory
2312149,2,219.0,7.82,7.91,Satisfactory
2312150,2,231.0,8.25,8.4,Satisfactory
2312151,2,180.0,6.43,7.11,Satisfactory
2312152,2,226.0,8.07,8.36,Satisfactory
2312153,2,132.0,4.71,4.82,Satisfactory
2312154,2,208.0,7.43,7.84,Satisfactory
2312155,2,160.0,5.71,6.36,Satisfactory
2312156,2,198.0,7.07,7.65,Satisfactory
2312157,2,164.0,5.86,5.75,Satisfactory
2312158,2,91.0,3.25,4.18,Satisfactory
2312159,2,115.0,4.11,4.35,Satisfactory
2312160,2,196.0,7.0,7.47,Satisfactory
2312161,2,213.0,7.61,8.13,Satisfactory
2312162,2,132.0,4.71,5.35,Satisfactory
2312163,2,216.0,7.71,8.09,Satisfactory
2312164,2,222.0,7.93,8.31,Satisfactory
2312165,2,181.0,6.46,5.96,Satisfactory
2312166,2,242.0,8.64,8.76,Satisfactory
2312167,2,251.0,8.96,9.22,Satisfactory
2312168,2,207.0,7.39,8.09,Satisfactory
2312169,2,208.0,7.43,7.69,Satisfactory
2312170,2,113.0,4.04,4.64,Satisfactory
2312171,2,167.0,5.96,5.58,Satisfactory
2312172,2,189.0,6.75,6.2,Satisfactory
2312173,2,79.0,2.82,3.11,Satisfactory
2312174,2,116.0,4.14,4.78,Satisfactory
2312175,2,77.0,2.75,3.67,Satisfactory
2313001,2,63.0,2.25,3.0,Satisfactory
2313002,2,218.0,7.79,7.76,Satisfactory
2313003,2,213.0,7.61,7.76,Satisfactory
2313004,2,51.0,1.82,3.15,Satisfactory
2313005,2,245.0,8.75,9.04,Satisfactory
2313006,2,255.0,9.11,9.44,Satisfactory
2313007,2,201.0,7.18,7.58,Satisfactory
2313008,2,179.0,6.39,6.62,Satisfactory
2313009,2,163.0,5.82,5.98,Satisfactory
2313010,2,229.0,8.18,8.09,Satisfactory
2313011,2,226.0,8.07,8.55,Satisfactory
2313012,2,240.0,8.57,8.58,Satisfactory
2313013,2,214.0,7.64,7.62,Satisfactory
2313014,2,195.0,6.96,7.6,Satisfactory
2313015,2,205.0,7.32,7.51,Satisfactory
2313016,2,132.0,4.71,5.11,Satisfactory
2313017,2,250.0,8.93,9.18,Satisfactory
2313018,2,175.0,6.25,6.73,Satisfactory
2313019,2,232.0,8.29,8.4,Satisfactory
2313020,2,227.0,8.11,8.44,Satisfactory
2313021,2,232.0,8.29,8.45,Satisfactory
2313022,2,239.0,8.54,8.51,Satisfactory
2313023,2,226.0,8.07,8.53,Satisfactory
2313024,2,165.0,5.89,6.53,Satisfactory
2313025,2,213.0,7.61,7.8,Satisfactory
2313026,2,183.0,6.54,6.73,Satisfactory
2313027,2,210.0,7.5,7.75,Satisfactory
2313028,2,240.0,8.57,8.62,Satisfactory
2313029,2,174.0,6.21,6.44,Satisfactory
2313030,2,158.0,5.64,6.25,Satisfactory
2313031,2,212.0,7.57,7.78,Satisfactory
2313032,2,212.0,7.57,8.27,Satisfactory
2313033,2,163.0,5.82,6.2,Satisfactory
2313034,2,200.0,7.14,7.67,Satisfactory
2313035,2,209.0,7.46,8.07,Satisfactory
2313036,2,229.0,8.18,7.85,Satisfactory
2313037,2,218.0,7.79,7.67,Satisfactory
2313038,2,208.0,7.43,7.82,Satisfactory
2313039,2,201.0,7.18,7.75,Satisfactory
2313040,2,210.0,7.5,7.53,Satisfactory
2313041,2,235.0,8.39,8.29,Satisfactory
2313042,2,243.0,8.68,8.98,Satisfactory
2313043,2,151.0,5.39,6.11,Satisfactory
2313044,2,241.0,8.61,8.76,Satisfactory
2313045,2,197.0,7.04,7.38,Satisfactory
2313046,2,191.0,6.82,7.38,Satisfactory
2313047,2,197.0,7.04,7.35,Satisfactory
2313048,2,202.0,7.21,7.33,Satisfactory
2313049,2,178.0,6.36,6.69,Satisfactory
2313050,2,187.0,6.68,6.56,Satisfactory
2313051,2,179.0,6.39,7.25,Satisfactory
2313052,2,190.0,6.79,6.91,Satisfactory
2313053,2,206.0,7.36,7.07,Satisfactory
2313054,2,188.0,6.71,6.87,Satisfactory
2313055,2,197.0,7.04,7.69,Satisfactory
2313056,2,247.0,8.82,9.15,Satisfactory
2313057,2,203.0,7.25,7.6,Satisfactory
2313058,2,247.0,8.82,8.89,Satisfactory
2313059,2,205.0,7.32,7.33,Satisfactory
2313060,2,193.0,6.89,7.04,Satisfactory
2313061,2,166.0,5.93,6.64,Satisfactory
2313062,2,207.0,7.39,7.73,Satisfactory
2313063,2,209.0,7.46,6.84,Satisfactory
2313064,2,229.0,8.18,8.42,Satisfactory
2313065,2,232.0,8.29,8.44,Satisfactory
2313066,2,217.0,7.75,8.42,Satisfactory
2313067,2,230.0,8.21,8.44,Satisfactory
2313068,2,182.0,6.5,6.25,Satisfactory
2313069,2,209.0,7.46,7.95,Satisfactory
2313070,2,243.0,8.68,8.87,Satisfactory
2313071,2,191.0,6.82,6.82,Satisfactory
2313072,2,199.0,7.11,7.25,Satisfactory
2313073,2,229.0,8.18,8.42,Satisfactory
2313074,2,220.0,7.86,7.95,Satisfactory
2313075,2,220.0,7.86,8.11,Satisfactory
2313076,2,209.0,7.46,7.58,Satisfactory
2313077,2,131.0,4.68,5.24,Satisfactory
2313078,2,225.0,8.04,8.33,Satisfactory
2313079,2,228.0,8.14,8.53,Satisfactory
2313080,2,216.0,7.71,7.82,Satisfactory
2313081,2,131.0,4.68,4.62,Satisfactory
2313082,2,180.0,6.43,6.51,Satisfactory
2313083,2,226.0,8.07,8.45,Satisfactory
2313084,2,123.0,4.39,4.98,Satisfactory
2313085,2,179.0,6.39,6.44,Satisfactory
2313086,2,217.0,7.75,8.2,Satisfactory
2313087,2,243.0,8.68,8.55,Satisfactory
2313089,2,204.0,7.29,7.22,Satisfactory
2313090,2,244.0,8.71,8.45,Satisfactory
2313091,2,197.0,7.04,7.15,Satisfactory
2313092,2,184.0,6.57,6.93,Satisfactory
2313093,2,184.0,6.57,6.44,Satisfactory
2313094,2,167.0,5.96,6.04,Satisfactory
2313095,2,212.0,7.57,7.84,Satisfactory
2313096,2,196.0,7.0,6.78,Satisfactory
2313097,2,195.0,6.96,6.76,Satisfactory
2313098,2,234.0,8.36,8.45,Satisfactory
2313099,2,228.0,8.14,8.22,Satisfactory
2313100,2,222.0,7.93,7.64,Satisfactory
2313101,2,164.0,5.86,5.91,Satisfactory
2313102,2,202.0,7.21,7.56,Satisfactory
2313103,2,214.0,7.64,6.91,Satisfactory
2313104,2,155.0,5.54,5.82,Satisfactory
2313105,2,171.0,6.11,6.42,Satisfactory
2313106,2,211.0,7.54,7.51,Satisfactory
2313107,2,185.0,6.61,6.6,Satisfactory
2313108,2,242.0,8.64,8.93,Satisfactory
2313109,2,225.0,8.04,8.09,Satisfactory
2313110,2,204.0,7.29,7.05,Satisfactory
2313111,2,184.0,6.57,6.95,Satisfactory
2313112,2,48.0,1.71,4.04,Satisfactory
2313113,2,248.0,8.86,8.93,Satisfactory
2313114,2,161.0,5.75,5.96,Satisfactory
2313115,2,226.0,8.07,7.96,Satisfactory
2313116,2,217.0,7.75,7.96,Satisfactory
2313117,2,245.0,8.75,9.18,Satisfactory
2313118,2,231.0,8.25,8.53,Satisfactory
2313119,2,243.0,8.68,8.85,Satisfactory
2313120,2,215.0,7.68,7.55,Satisfactory
2313121,2,227.0,8.11,8.16,Satisfactory
2313122,2,137.0,4.89,4.82,Satisfactory
2313123,2,175.0,6.25,6.09,Satisfactory
2313124,2,215.0,7.68,7.56,Satisfactory
2313125,2,168.0,6.0,5.82,Satisfactory
2313126,2,210.0,7.5,7.47,Satisfactory
2313127,2,124.0,4.43,4.89,Satisfactory
2313128,2,186.0,6.64,6.76,Satisfactory
2313129,2,185.0,6.61,6.38,Satisfactory
2313130,2,190.0,6.79,6.76,Satisfactory
2313132,2,148.0,5.29,5.56,Satisfactory
2313133,2,180.0,6.43,6.47,Satisfactory
2313134,2,129.0,4.61,4.85,Satisfactory
2313135,2,139.0,4.96,5.11,Satisfactory
2313136,2,180.0,6.43,6.6,Satisfactory
2313137,2,165.0,5.89,5.55,Satisfactory
2313138,2,243.0,8.68,8.82,Satisfactory
2313139,2,210.0,7.5,6.95,Satisfactory
2313140,2,191.0,6.82,6.85,Satisfactory
2313141,2,223.0,7.96,8.11,Satisfactory
2313142,2,225.0,8.04,8.07,Satisfactory
2313143,2,229.0,8.18,8.47,Satisfactory
2313144,2,209.0,7.46,7.2,Satisfactory
2313145,2,230.0,8.21,7.96,Satisfactory
2313146,2,197.0,7.04,6.98,Satisfactory
2313147,2,243.0,8.68,8.62,Satisfactory
2313148,2,243.0,8.68,8.76,Satisfactory
2313149,2,224.0,8.0,8.09,Satisfactory
2313150,2,194.0,6.93,6.58,Satisfactory
2313151,2,208.0,7.43,7.31,Satisfactory
2313152,2,174.0,6.21,5.95,Satisfactory
2313153,2,232.0,8.29,8.07,Satisfactory
2313154,2,228.0,8.14,8.16,Satisfactory
2313155,2,212.0,7.57,7.33,Satisfactory
2313156,2,212.0,7.57,7.2,Satisfactory
2313157,2,133.0,4.75,5.02,Satisfactory
2313159,2,211.0,7.54,7.56,Satisfactory
2313160,2,207.0,7.39,7.35,Satisfactory
2313161,2,161.0,5.75,5.55,Satisfactory
2313162,2,64.0,2.29,2.42,Satisfactory
2313163,2,74.0,2.64,3.11,Satisfactory
2313164,2,111.0,3.96,3.47,Satisfactory
2214086,2,0.0,1.61,1.67,Satisfactory
2314001,2,206.0,7.36,7.73,Satisfactory
2314002,2,177.0,6.32,6.2,Satisfactory
2314003,2,206.0,7.36,7.0,Satisfactory
2314004,2,227.0,8.11,8.18,Satisfactory
2314005,2,206.0,7.36,7.09,Satisfactory
2314006,2,208.0,7.43,7.38,Satisfactory
2314007,2,187.0,6.68,6.93,Satisfactory
2314008,2,172.0,6.14,6.16,Satisfactory
2314009,2,174.0,6.21,6.45,Satisfactory
2314010,2,218.0,7.79,7.67,Satisfactory
2314011,2,95.0,3.39,3.85,Satisfactory
2314012,2,239.0,8.54,8.33,Satisfactory
2314013,2,226.0,8.07,7.95,Satisfactory
2314014,2,248.0,8.86,8.64,Satisfactory
2314015,2,222.0,7.93,8.07,Satisfactory
2314016,2,241.0,8.61,8.51,Satisfactory
2314017,2,241.0,8.61,8.42,Satisfactory
2314018,2,205.0,7.32,7.2,Satisfactory
2314019,2,199.0,7.11,7.04,Satisfactory
2314020,2,237.0,8.46,8.44,Satisfactory
2314021,2,79.0,2.82,3.56,Satisfactory
2314022,2,175.0,6.25,6.18,Satisfactory
2314023,2,206.0,7.36,7.47,Satisfactory
2314024,2,235.0,8.39,8.64,Satisfactory
2314025,2,207.0,7.39,7.93,Satisfactory
2314026,2,250.0,8.93,8.75,Satisfactory
2314027,2,207.0,7.39,7.16,Satisfactory
2314028,2,187.0,6.68,6.96,Satisfactory
2314029,2,179.0,6.39,6.91,Satisfactory
2314030,2,229.0,8.18,8.6,Satisfactory
2314031,2,183.0,6.54,7.09,Satisfactory
2314032,2,222.0,7.93,8.04,Satisfactory
2314033,2,169.0,6.04,6.58,Satisfactory
2314034,2,205.0,7.32,7.73,Satisfactory
2314035,2,223.0,7.96,7.93,Satisfactory
2314036,2,227.0,8.11,8.44,Satisfactory
2314037,2,227.0,8.11,8.44,Satisfactory
2314038,2,203.0,7.25,8.18,Satisfactory
2314040,2,208.0,7.43,7.36,Satisfactory
2314041,2,205.0,7.32,7.55,Satisfactory
2314042,2,162.0,5.79,5.4,Satisfactory
2314043,2,181.0,6.46,6.8,Satisfactory
2314044,2,236.0,8.43,8.75,Satisfactory
2314045,2,214.0,7.64,8.13,Satisfactory
2314046,2,198.0,7.07,7.85,Satisfactory
2314047,2,214.0,7.64,7.73,Satisfactory
2314048,2,223.0,7.96,8.0,Satisfactory
2314049,2,210.0,7.5,7.8,Satisfactory
2314050,2,199.0,7.11,7.64,Satisfactory
2314051,2,222.0,7.93,8.16,Satisfactory
2314052,2,204.0,7.29,7.22,Satisfactory
2314054,2,233.0,8.32,8.33,Satisfactory
2314055,2,220.0,7.86,7.87,Satisfactory
2314056,2,211.0,7.54,7.38,Satisfactory
2314057,2,196.0,7.0,6.98,Satisfactory
2314058,2,228.0,8.14,8.25,Satisfactory
2314059,2,230.0,8.21,8.53,Satisfactory
2314060,2,225.0,8.04,7.65,Satisfactory
2314061,2,191.0,6.82,6.82,Satisfactory
2314062,2,263.0,9.39,9.4,Satisfactory
2314063,2,228.0,8.14,8.47,Satisfactory
2314064,2,257.0,9.18,9.16,Satisfactory
2314065,2,172.0,6.14,5.87,Satisfactory
2314066,2,225.0,8.04,8.22,Satisfactory
2314067,2,238.0,8.5,8.53,Satisfactory
2314068,2,221.0,7.89,8.04,Satisfactory
2314069,2,236.0,8.43,8.42,Satisfactory
2314070,2,206.0,7.36,7.33,Satisfactory
2314071,2,227.0,8.11,8.13,Satisfactory
2314072,2,123.0,4.39,4.87,Satisfactory
2314073,2,194.0,6.93,7.53,Satisfactory
2314074,2,181.0,6.46,6.51,Satisfactory
2314075,2,186.0,6.64,6.82,Satisfactory
2314076,2,229.0,8.18,8.25,Satisfactory
2314077,2,232.0,8.29,8.33,Satisfactory
2314078,2,215.0,7.68,7.38,Satisfactory
2314079,2,231.0,8.25,8.69,Satisfactory
2314080,2,218.0,7.79,7.53,Satisfactory
2314081,2,132.0,4.71,4.85,Satisfactory
2314082,2,201.0,7.18,7.35,Satisfactory
2314083,2,235.0,8.39,8.53,Satisfactory
2314084,2,208.0,7.43,7.47,Satisfactory
2314085,2,229.0,8.18,8.24,Satisfactory
2314086,2,208.0,7.43,7.44,Satisfactory
2314087,2,229.0,8.18,7.65,Satisfactory
2314088,2,220.0,7.86,7.82,Satisfactory
2314089,2,216.0,7.71,7.56,Satisfactory
2314090,2,211.0,7.54,6.96,Satisfactory
2314091,2,228.0,8.14,7.31,Satisfactory
2314092,2,243.0,8.68,8.49,Satisfactory
2314093,2,239.0,8.54,8.33,Satisfactory
2314094,2,235.0,8.39,8.4,Satisfactory
2314095,2,233.0,8.32,8.15,Satisfactory
2314096,2,257.0,9.18,8.8,Satisfactory
2314097,2,240.0,8.57,8.49,Satisfactory
2314098,2,264.0,9.43,9.09,Satisfactory
2314099,2,200.0,7.14,6.35,Satisfactory
2314100,2,236.0,8.43,7.91,Satisfactory
2314101,2,256.0,9.14,9.25,Satisfactory
2314102,2,149.0,5.32,5.29,Satisfactory
2314103,2,182.0,6.5,6.22,Satisfactory
2314104,2,240.0,8.57,8.31,Satisfactory
2314105,2,207.0,7.39,7.2,Satisfactory
2314106,2,244.0,8.71,8.76,Satisfactory
2314107,2,228.0,8.14,7.96,Satisfactory
2314108,2,223.0,7.96,7.98,Satisfactory
2314109,2,165.0,5.89,5.89,Satisfactory
2314110,2,243.0,8.68,8.62,Satisfactory
2314111,2,226.0,8.07,8.27,Satisfactory
2314112,2,207.0,7.39,7.82,Satisfactory
2314113,2,228.0,8.14,7.8,Satisfactory
2314114,2,228.0,8.14,7.73,Satisfactory
2314115,2,218.0,7.79,7.8,Satisfactory
2314116,2,178.0,6.36,6.4,Satisfactory
2314117,2,144.0,5.14,5.71,Satisfactory
2314118,2,235.0,8.39,8.2,Satisfactory
2314119,2,142.0,5.07,5.18,Satisfactory
2314120,2,202.0,7.21,7.15,Satisfactory
2314121,2,200.0,7.14,6.95,Satisfactory
2314122,2,225.0,8.04,8.36,Satisfactory
2314123,2,206.0,7.36,6.87,Satisfactory
2314124,2,223.0,7.96,8.49,Satisfactory
2314125,2,206.0,7.36,7.42,Satisfactory
2314126,2,217.0,7.75,7.76,Satisfactory
2314127,2,234.0,8.36,8.13,Satisfactory
2314128,2,197.0,7.04,7.07,Satisfactory
2314129,2,211.0,7.54,7.36,Satisfactory
2314130,2,215.0,7.68,7.56,Satisfactory
2314131,2,201.0,7.18,7.53,Satisfactory
2314132,2,121.0,4.32,4.51,Satisfactory
2314133,2,243.0,8.68,8.31,Satisfactory
2314134,2,183.0,6.54,6.93,Satisfactory
2314135,2,259.0,9.25,9.35,Satisfactory
2314136,2,204.0,7.29,7.09,Satisfactory
2314137,2,153.0,5.46,5.51,Satisfactory
2314138,2,192.0,6.86,6.6,Satisfactory
2314139,2,225.0,8.04,7.85,Satisfactory
2314140,2,176.0,6.29,6.25,Satisfactory
2314141,2,241.0,8.61,8.73,Satisfactory
2314142,2,240.0,8.57,8.56,Satisfactory
2314143,2,199.0,7.11,7.36,Satisfactory
2314144,2,253.0,9.04,8.91,Satisfactory
2314145,2,181.0,6.46,6.56,Satisfactory
2314146,2,255.0,9.11,8.8,Satisfactory
2314147,2,230.0,8.21,8.38,Satisfactory
2314148,2,224.0,8.0,7.91,Satisfactory
2314149,2,212.0,7.57,7.53,Satisfactory
2314151,2,221.0,7.89,8.15,Satisfactory
2314152,2,230.0,8.21,7.85,Satisfactory
2314153,2,192.0,6.86,6.98,Satisfactory
2314154,2,249.0,8.89,8.75,Satisfactory
2314155,2,210.0,7.5,7.29,Satisfactory
2314156,2,197.0,7.04,6.35,Satisfactory
2314157,2,231.0,8.25,7.75,Satisfactory
2314158,2,185.0,6.61,6.36,Satisfactory
2314159,2,187.0,6.68,6.53,Satisfactory
2314160,2,257.0,9.18,9.13,Satisfactory
2314161,2,113.0,4.04,4.56,Satisfactory
2314162,2,103.0,3.68,4.15,Satisfactory
2314163,2,118.0,4.21,4.45,Satisfactory
2314164,2,144.0,5.14,5.05,Satisfactory
2315001,2,252.0,9.33,9.13,Satisfactory
2315002,2,256.0,9.48,9.07,Satisfactory
2315003,2,192.0,7.11,7.0,Satisfactory
2315004,2,147.0,5.44,4.96,Satisfactory
2315005,2,231.0,8.56,8.33,Satisfactory
2315006,2,169.0,6.26,5.89,Satisfactory
2315007,2,229.0,8.48,8.35,Satisfactory
2315008,2,239.0,8.85,8.75,Satisfactory
2315009,2,252.0,9.33,8.51,Satisfactory
2315010,2,230.0,8.52,8.49,Satisfactory
2315011,2,231.0,8.56,8.2,Satisfactory
2315012,2,214.0,7.93,7.56,Satisfactory
2315013,2,253.0,9.37,9.16,Satisfactory
2315014,2,212.0,7.85,7.56,Satisfactory
2315015,2,212.0,7.85,7.75,Satisfactory
2315016,2,224.0,8.3,7.95,Satisfactory
2315017,2,234.0,8.67,7.76,Satisfactory
2315018,2,191.0,7.07,6.67,Satisfactory
2315019,2,219.0,8.11,8.02,Satisfactory
2315020,2,218.0,8.07,7.8,Satisfactory
2315021,2,220.0,8.15,8.04,Satisfactory
2315022,2,230.0,8.52,7.76,Satisfactory
2315023,2,218.0,8.07,7.53,Satisfactory
2315024,2,197.0,7.3,6.91,Satisfactory
2315025,2,226.0,8.37,8.18,Satisfactory
2315026,2,192.0,7.11,6.0,Satisfactory
2315027,2,193.0,7.15,6.85,Satisfactory
2315028,2,239.0,8.85,8.31,Satisfactory
2315029,2,197.0,7.3,7.2,Satisfactory
2315030,2,183.0,6.78,6.42,Satisfactory
2315031,2,243.0,9.0,8.78,Satisfactory
2315032,2,231.0,8.56,8.36,Satisfactory
2315033,2,182.0,6.74,6.38,Satisfactory
2315034,2,238.0,8.81,8.69,Satisfactory
2315035,2,184.0,6.81,6.95,Satisfactory
2315036,2,200.0,7.41,7.4,Satisfactory
2315037,2,221.0,8.19,7.84,Satisfactory
2315038,2,214.0,7.93,7.76,Satisfactory
2315039,2,254.0,9.41,9.25,Satisfactory
2315040,2,228.0,8.44,8.47,Satisfactory
2315041,2,232.0,8.59,7.91,Satisfactory
2315042,2,212.0,7.85,7.4,Satisfactory
2315043,2,250.0,9.26,8.84,Satisfactory
2315044,2,155.0,5.74,5.53,Satisfactory
2315045,2,220.0,8.15,7.75,Satisfactory
2315046,2,223.0,8.26,7.82,Satisfactory
2315047,2,178.0,6.59,6.42,Satisfactory
2315048,2,177.0,6.56,6.91,Satisfactory
2315049,2,206.0,7.63,6.55,Satisfactory
2315050,2,225.0,8.33,8.13,Satisfactory
2315051,2,232.0,8.59,8.65,Satisfactory
2315052,2,255.0,9.44,9.29,Satisfactory
2315053,2,188.0,6.96,6.75,Satisfactory
2315054,2,180.0,6.67,6.6,Satisfactory
2315055,2,234.0,8.67,8.62,Satisfactory
2315056,2,230.0,8.52,8.15,Satisfactory
2315057,2,249.0,9.22,8.55,Satisfactory
2315058,2,220.0,8.15,7.93,Satisfactory
2315059,2,200.0,7.41,7.38,Satisfactory
2315060,2,224.0,8.3,7.8,Satisfactory
2315061,2,256.0,9.48,8.51,Satisfactory
2315062,2,185.0,6.85,6.04,Satisfactory
2315063,2,217.0,8.04,7.84,Satisfactory
2315064,2,250.0,9.26,8.84,Satisfactory
2315065,2,236.0,8.74,8.0,Satisfactory
2315066,2,248.0,9.19,8.47,Satisfactory
2315067,2,202.0,7.48,7.29,Satisfactory
2315068,2,159.0,5.89,5.89,Satisfactory
2315069,2,190.0,7.04,7.02,Satisfactory
2315070,2,254.0,9.41,8.98,Satisfactory
2315072,2,193.0,7.15,6.53,Satisfactory
2315073,2,212.0,7.85,6.69,Satisfactory
2315074,2,220.0,8.15,7.78,Satisfactory
2315075,2,206.0,7.63,7.33,Satisfactory
2315076,2,207.0,7.67,7.2,Satisfactory
2315077,2,218.0,8.07,7.85,Satisfactory
2315078,2,222.0,8.22,8.11,Satisfactory
2315079,2,191.0,7.07,6.8,Satisfactory
2315080,2,195.0,7.22,6.69,Satisfactory
2315081,2,233.0,8.63,8.13,Satisfactory
2315082,2,204.0,7.56,6.42,Satisfactory
2315083,2,248.0,9.19,8.91,Satisfactory
2315084,2,221.0,8.19,7.4,Satisfactory
2315085,2,214.0,7.93,7.89,Satisfactory
2315086,2,212.0,7.85,7.33,Satisfactory
2315087,2,186.0,6.89,6.62,Satisfactory
2315088,2,200.0,7.41,7.4,Satisfactory
2315089,2,169.0,6.26,6.15,Satisfactory
2315090,2,226.0,8.37,8.04,Satisfactory
2315091,2,218.0,8.07,7.69,Satisfactory
2315092,2,212.0,7.85,7.55,Satisfactory
2315093,2,219.0,8.11,7.53,Satisfactory
2315094,2,171.0,6.33,6.78,Satisfactory
2315095,2,210.0,7.78,7.87,Satisfactory
2315096,2,260.0,9.63,9.25,Satisfactory
2315097,2,235.0,8.7,8.45,Satisfactory
2315098,2,216.0,8.0,7.73,Satisfactory
2315099,2,209.0,7.74,7.04,Satisfactory
2315100,2,164.0,6.07,4.51,Satisfactory
2316001,2,198.0,7.33,6.98,Satisfactory
2316002,2,155.0,5.74,6.22,Satisfactory
2316003,2,212.0,7.85,7.55,Satisfactory
2316004,2,210.0,7.78,7.51,Satisfactory
2316005,2,150.0,5.56,5.8,Satisfactory
2316006,2,96.0,3.56,2.95,Satisfactory
2316007,2,201.0,7.44,7.65,Satisfactory
2316008,2,237.0,8.78,8.51,Satisfactory
2316009,2,214.0,7.93,7.55,Satisfactory
2316010,2,245.0,9.07,8.78,Satisfactory
2316011,2,212.0,7.85,7.65,Satisfactory
2316012,2,176.0,6.52,6.4,Satisfactory
2316013,2,245.0,9.07,8.64,Satisfactory
2316014,2,163.0,6.04,5.64,Satisfactory
2316015,2,180.0,6.67,6.75,Satisfactory
2316017,2,242.0,8.96,8.67,Satisfactory
2316018,2,221.0,8.19,7.78,Satisfactory
2316019,2,184.0,6.81,6.98,Satisfactory
2316020,2,238.0,8.81,8.71,Satisfactory
2316021,2,201.0,7.44,7.24,Satisfactory
2316022,2,237.0,8.78,8.84,Satisfactory
2316023,2,184.0,6.81,6.78,Satisfactory
2316024,2,194.0,7.19,7.13,Satisfactory
2316025,2,138.0,5.11,4.27,Satisfactory
2316026,2,192.0,7.11,7.18,Satisfactory
2316027,2,194.0,7.19,6.89,Satisfactory
2316028,2,222.0,8.22,7.87,Satisfactory
2316029,2,195.0,7.22,6.75,Satisfactory
2316030,2,226.0,8.37,7.93,Satisfactory
2316031,2,218.0,8.07,7.84,Satisfactory
2316032,2,180.0,6.67,6.35,Satisfactory
2316033,2,165.0,6.11,6.55,Satisfactory
2316034,2,191.0,7.07,6.85,Satisfactory
2316035,2,210.0,7.78,7.22,Satisfactory
2316036,2,226.0,8.37,8.0,Satisfactory
2316037,2,156.0,5.78,5.15,Satisfactory
2316038,2,184.0,6.81,7.07,Satisfactory
2316039,2,203.0,7.52,7.15,Satisfactory
2316040,2,157.0,5.81,4.55,Satisfactory
2316041,2,167.0,6.19,6.0,Satisfactory
2316042,2,232.0,8.59,8.25,Satisfactory
2316043,2,167.0,6.19,6.33,Satisfactory
2316044,2,182.0,6.74,6.71,Satisfactory
2316045,2,253.0,9.37,9.16,Satisfactory
2316046,2,232.0,8.59,8.27,Satisfactory
2316047,2,222.0,8.22,8.2,Satisfactory
2316048,2,220.0,8.15,7.87,Satisfactory
2316049,2,200.0,7.41,7.27,Satisfactory
2316050,2,182.0,6.74,6.53,Satisfactory
2316051,2,209.0,7.74,7.71,Satisfactory
2316052,2,210.0,7.78,7.55,Satisfactory
2316053,2,222.0,8.22,7.96,Satisfactory
2316054,2,227.0,8.41,8.05,Satisfactory
2316055,2,191.0,7.07,7.18,Satisfactory
2316056,2,220.0,8.15,8.18,Satisfactory
2316057,2,189.0,7.0,6.67,Satisfactory
2316058,2,206.0,7.63,7.55,Satisfactory
2316059,2,0.0,0.0,0.0,Satisfactory
2316060,2,259.0,9.59,9.22,Satisfactory
2316061,2,140.0,5.19,4.75,Satisfactory
2316062,2,195.0,7.22,7.38,Satisfactory
2316063,2,242.0,8.96,8.36,Satisfactory
2316064,2,220.0,8.15,7.8,Satisfactory
2316065,2,226.0,8.37,8.0,Satisfactory
2316066,2,235.0,8.7,8.49,Satisfactory
2316067,2,205.0,7.59,6.91,Satisfactory
2316068,2,202.0,7.48,7.24,Satisfactory
2316069,2,176.0,6.52,6.25,Satisfactory
2316070,2,178.0,6.59,6.0,Satisfactory
2316071,2,205.0,7.59,7.04,Satisfactory
2316072,2,198.0,7.33,7.27,Satisfactory
2316073,2,204.0,7.56,7.55,Satisfactory
2316074,2,208.0,7.7,7.64,Satisfactory
2316075,2,190.0,7.04,7.16,Satisfactory
2316076,2,208.0,7.7,7.64,Satisfactory
2316077,2,228.0,8.44,8.44,Satisfactory
2316078,2,195.0,7.22,7.09,Satisfactory
2316079,2,209.0,7.74,7.42,Satisfactory
2316080,2,240.0,8.89,8.58,Satisfactory
2316081,2,231.0,8.56,8.58,Satisfactory
2316082,2,217.0,8.04,8.04,Satisfactory
2316083,2,207.0,7.67,7.67,Satisfactory
2316084,2,227.0,8.41,7.95,Satisfactory
2316085,2,211.0,7.81,7.95,Satisfactory
2316086,2,244.0,9.04,8.73,Satisfactory
2316087,2,171.0,6.33,6.64,Satisfactory
2316088,2,144.0,5.33,5.58,Satisfactory
2316089,2,154.0,5.7,6.02,Satisfactory
2316090,2,164.0,6.07,6.6,Satisfactory
2316091,2,192.0,7.11,7.38,Satisfactory
2316092,2,240.0,8.89,8.65,Satisfactory
2316093,2,197.0,7.3,6.58,Satisfactory
2316094,2,184.0,6.81,6.18,Satisfactory
2316095,2,233.0,8.63,8.11,Satisfactory
2316096,2,146.0,5.41,5.65,Satisfactory
2316097,2,222.0,8.22,7.65,Satisfactory
2316098,2,207.0,7.67,7.44,Satisfactory
2316099,2,224.0,8.3,7.93,Satisfactory
2316100,2,232.0,8.59,8.07,Satisfactory
2316101,2,210.0,7.78,7.64,Satisfactory
2316102,2,179.0,6.63,6.53,Satisfactory
2316103,2,198.0,7.33,7.49,Satisfactory
2316104,2,0.0,0.0,4.07,Satisfactory
2316106,2,200.0,7.41,7.69,Satisfactory
2316107,2,230.0,8.52,8.42,Satisfactory
2316108,2,189.0,7.0,7.0,Satisfactory
2316109,2,195.0,7.22,6.95,Satisfactory
2316110,2,144.0,5.33,4.47,Satisfactory
2316111,2,193.0,7.15,7.02,Satisfactory
2316112,2,205.0,7.59,7.16,Satisfactory
2316113,2,254.0,9.41,9.04,Satisfactory
2316114,2,212.0,7.85,7.6,Satisfactory
2316115,2,161.0,5.96,6.09,Satisfactory
2316116,2,178.0,6.59,7.45,Satisfactory
2316117,2,233.0,8.63,8.8,Satisfactory
2316118,2,248.0,9.19,9.02,Satisfactory
2316119,2,186.0,6.89,5.71,Satisfactory
2316120,2,161.0,5.96,5.38,Satisfactory
2316121,2,158.0,5.85,5.07,Satisfactory
2316122,2,191.0,7.07,7.31,Satisfactory
2316123,2,209.0,7.74,7.62,Satisfactory
2316124,2,245.0,9.07,8.84,Satisfactory
2316125,2,172.0,6.37,6.47,Satisfactory
2316126,2,184.0,6.81,6.64,Satisfactory
2316127,2,222.0,8.22,7.49,Satisfactory
2316128,2,179.0,6.63,6.89,Satisfactory
2316129,2,87.0,3.22,2.91,Satisfactory
2316130,2,181.0,6.7,7.29,Satisfactory
2316131,2,246.0,9.11,8.76,Satisfactory
2316132,2,218.0,8.07,7.82,Satisfactory
2316133,2,202.0,7.48,7.6,Satisfactory
2316134,2,225.0,8.33,8.11,Satisfactory
2316135,2,201.0,7.44,7.35,Satisfactory
2316136,2,149.0,5.52,5.15,Satisfactory
2316137,2,225.0,8.33,8.36,Satisfactory
2316138,2,135.0,5.0,6.02,Satisfactory
2316139,2,148.0,5.48,5.93,Satisfactory
2316140,2,133.0,4.93,4.07,Satisfactory
2316141,2,215.0,7.96,7.93,Satisfactory
2316142,2,212.0,7.85,7.95,Satisfactory
2316143,2,165.0,6.11,5.6,Satisfactory
2316144,2,233.0,8.63,8.44,Satisfactory
2316145,2,190.0,7.04,6.95,Satisfactory
2316146,2,109.0,4.04,4.18,Satisfactory
2316147,2,200.0,7.41,6.91,Satisfactory
2316148,2,223.0,8.26,8.0,Satisfactory
2316149,2,227.0,8.41,8.25,Satisfactory
2316150,2,187.0,6.93,6.75,Satisfactory
2316151,2,202.0,7.48,7.78,Satisfactory
2316152,2,172.0,6.37,5.4,Satisfactory
2316153,2,236.0,8.74,8.31,Satisfactory
2316154,2,229.0,8.48,8.31,Satisfactory
2316155,2,211.0,7.81,7.76,Satisfactory
2316156,2,200.0,7.41,7.42,Satisfactory
2316157,2,198.0,7.33,7.04,Satisfactory
2316158,2,167.0,6.19,6.27,Satisfactory
2316159,2,191.0,7.07,7.02,Satisfactory
2316160,2,142.0,5.26,4.78,Satisfactory
2316161,2,224.0,8.3,8.25,Satisfactory
2316162,2,128.0,4.74,4.44,Satisfactory
2316163,2,149.0,5.52,4.64,Satisfactory
