Regn. No.,"CE
102",(3),"CH
101",(4),"CH
111",(2),"CS
101",(4),"CS
111",(2),EAA01,(0),EAA02,(0),"EC
101",(4),"EC
111",(2),"MA
102",(4),"ME
111",(2),GP,SGPA,CGPA,EAA
2311001,7,BC,7,BC,10,AA,7,BC,10,AA,,,,,9,AB,9,AB,9,AB,10,AA,227,8.41,7.62,-
2311002,5,CD,4,DD,9,AB,4,DD,5,CD,,,,,4,DD,7,BC,5,CD,0,F,125,4.63,4.65,-
2311003,5,CD,4,DD,8,BB,5,CD,6,CC,,,,,5,CD,9,AB,5,CD,6,CC,149,5.52,5.56,-
2311004,6,CC,5,CD,9,AB,5,CD,6,CC,,,,,5,CD,8,BB,5,CD,9,AB,162,6.00,5.91,-
2311005,9,AB,7,BC,10,AA,8,BB,10,AA,,,,,7,BC,9,AB,8,BB,8,BB,221,8.19,6.95,-
2311006,6,CC,5,CD,9,AB,6,CC,6,CC,,,,,4,DD,8,BB,5,CD,7,BC,158,5.85,2.87,-
2311007,4,DD,5,CD,8,BB,5,CD,8,BB,,,,,4,DD,8,BB,7,BC,10,AA,164,6.07,5.87,-
2311008,7,BC,5,CD,10,AA,5,CD,8,BB,,,,,5,CD,8,BB,7,BC,6,CC,173,6.41,6.24,-
2311009,7,BC,6,CC,8,BB,7,BC,9,AB,,,,,6,CC,8,BB,5,CD,7,BC,181,6.70,6.33,-
2311010,8,BB,8,BB,10,AA,10,AA,10,AA,,,,,9,AB,8,BB,8,BB,8,BB,236,8.74,8.02,-
2311011,7,BC,8,BB,10,AA,7,BC,7,BC,,,,,9,AB,9,AB,8,BB,9,AB,219,8.11,7.65,-
2311012,9,AB,9,AB,9,AB,7,BC,8,BB,,,,,7,BC,8,BB,9,AB,9,AB,223,8.26,7.31,-
2311013,8,BB,8,BB,9,AB,6,CC,6,CC,,,,,7,BC,8,BB,7,BC,9,AB,200,7.41,7.33,-
2311014,8,BB,8,BB,9,AB,7,BC,9,AB,,,,,6,CC,9,AB,8,BB,9,AB,212,7.85,7.51,-
2311015,6,CC,4,DD,8,BB,5,CD,7,BC,,,,,6,CC,9,AB,6,CC,7,BC,164,6.07,5.24,-
2311016,0,F,0,F,0,F,0,F,0,F,,,,,0,F,0,F,0,F,0,F,0,0.00,0,-
2311017,7,BC,6,CC,8,BB,6,CC,10,AA,,,,,8,BB,8,BB,8,BB,8,BB,201,7.44,7.33,-
2311018,8,BB,9,AB,9,AB,8,BB,8,BB,,,,,8,BB,9,AB,8,BB,10,AA,228,8.44,8.33,-
2311019,7,BC,7,BC,9,AB,5,CD,8,BB,,,,,8,BB,9,AB,5,CD,9,AB,191,7.07,6.69,-
2311020,9,AB,9,AB,9,AB,7,BC,7,BC,,,,,9,AB,9,AB,9,AB,7,BC,227,8.41,8.07,-
2311021,6,CC,5,CD,8,BB,5,CD,8,BB,,,,,7,BC,8,BB,5,CD,7,BC,168,6.22,5.95,-
2311022,8,BB,8,BB,10,AA,7,BC,9,AB,,,,,7,BC,9,AB,8,BB,7,BC,214,7.93,7.75,-
2311023,7,BC,6,CC,8,BB,5,CD,8,BB,,,,,6,CC,9,AB,5,CD,7,BC,173,6.41,5.98,-
2311024,8,BB,7,BC,9,AB,8,BB,9,AB,,,,,6,CC,8,BB,6,CC,10,AA,204,7.56,7.09,-
2311025,8,BB,5,CD,9,AB,5,CD,8,BB,,,,,4,DD,8,BB,0,F,7,BC,144,5.33,4.47,-
2311026,9,AB,9,AB,9,AB,7,BC,8,BB,,,,,8,BB,8,BB,9,AB,8,BB,225,8.33,8.15,-
2311027,10,AA,9,AB,10,AA,8,BB,7,BC,,,,,9,AB,9,AB,8,BB,9,AB,236,8.74,8.62,-
2311028,9,AB,8,BB,9,AB,9,AB,9,AB,,,,,9,AB,9,AB,8,BB,9,AB,235,8.70,8.49,-
2311029,7,BC,7,BC,10,AA,7,BC,9,AB,,,,,8,BB,8,BB,7,BC,8,BB,207,7.67,7.71,-
2311030,7,BC,5,CD,9,AB,5,CD,8,BB,,,,,5,CD,8,BB,5,CD,9,AB,169,6.26,5.49,-
2311031,10,AA,10,AA,9,AB,9,AB,10,AA,,,,,10,AA,9,AB,10,AA,7,BC,256,9.48,9.29,-
2311032,7,BC,8,BB,9,AB,10,AA,10,AA,,,,,7,BC,9,AB,7,BC,7,BC,219,8.11,7.93,-
2311033,9,AB,9,AB,9,AB,9,AB,9,AB,,,,,9,AB,10,AA,10,AA,10,AA,251,9.30,9.02,-
2311034,7,BC,9,AB,9,AB,7,BC,8,BB,,,,,9,AB,9,AB,8,BB,7,BC,219,8.11,7.69,-
2311035,8,BB,8,BB,9,AB,6,CC,7,BC,,,,,8,BB,9,AB,6,CC,7,BC,200,7.41,7.24,-
2311036,8,BB,9,AB,9,AB,7,BC,7,BC,,,,,7,BC,8,BB,7,BC,7,BC,206,7.63,7.62,-
2311037,9,AB,9,AB,9,AB,8,BB,7,BC,,,,,7,BC,9,AB,7,BC,7,BC,215,7.96,7.93,-
2311038,8,BB,9,AB,9,AB,9,AB,7,BC,,,,,9,AB,9,AB,9,AB,9,AB,236,8.74,8.64,-
2311039,7,BC,6,CC,10,AA,6,CC,9,AB,,,,,7,BC,8,BB,6,CC,7,BC,189,7.00,6.42,-
2311040,4,DD,4,DD,8,BB,5,CD,6,CC,,,,,4,DD,8,BB,4,DD,8,BB,140,5.19,4.76,-
2311041,7,BC,9,AB,10,AA,8,BB,9,AB,,,,,7,BC,9,AB,9,AB,9,AB,227,8.41,8.22,-
2311042,6,CC,6,CC,9,AB,5,CD,8,BB,,,,,5,CD,10,AA,8,BB,7,BC,182,6.74,6.87,-
2311043,8,BB,6,CC,10,AA,7,BC,10,AA,,,,,5,CD,8,BB,6,CC,6,CC,188,6.96,7.15,-
2311044,8,BB,5,CD,9,AB,6,CC,9,AB,,,,,6,CC,9,AB,5,CD,9,AB,184,6.81,6.4,-
2311045,8,BB,4,DD,9,AB,7,BC,9,AB,,,,,4,DD,6,CC,0,F,7,BC,146,5.41,4.56,-
2311046,10,AA,9,AB,8,BB,9,AB,10,AA,,,,,9,AB,8,BB,8,BB,8,BB,238,8.81,8.6,-
2311047,6,CC,5,CD,9,AB,6,CC,6,CC,,,,,5,CD,7,BC,6,CC,6,CC,162,6.00,5.89,-
2311048,10,AA,9,AB,9,AB,8,BB,9,AB,,,,,7,BC,9,AB,8,BB,9,AB,230,8.52,7.84,-
2311049,7,BC,6,CC,9,AB,5,CD,8,BB,,,,,4,DD,6,CC,5,CD,7,BC,161,5.96,5.29,-
2311050,6,CC,5,CD,10,AA,6,CC,9,AB,,,,,7,BC,8,BB,7,BC,8,BB,188,6.96,6.67,-
2311051,6,CC,6,CC,8,BB,6,CC,6,CC,,,,,5,CD,7,BC,6,CC,7,BC,166,6.15,5.76,-
2311052,8,BB,6,CC,9,AB,7,BC,8,BB,,,,,6,CC,9,AB,8,BB,9,AB,202,7.48,6.87,-
2311053,7,BC,5,CD,9,AB,6,CC,7,BC,,,,,5,CD,8,BB,5,CD,8,BB,169,6.26,5.65,-
2311054,9,AB,7,BC,9,AB,7,BC,7,BC,,,,,6,CC,8,BB,7,BC,6,CC,195,7.22,6.82,-
2311055,7,BC,6,CC,9,AB,7,BC,9,AB,,,,,7,BC,8,BB,7,BC,10,AA,201,7.44,7.04,-
2311056,7,BC,6,CC,10,AA,7,BC,7,BC,,,,,7,BC,9,AB,9,AB,9,AB,207,7.67,7.4,-
2311057,7,BC,7,BC,9,AB,8,BB,10,AA,,,,,6,CC,8,BB,7,BC,9,AB,205,7.59,6.96,-
2311059,9,AB,8,BB,10,AA,5,CD,6,CC,,,,,7,BC,9,AB,7,BC,8,BB,201,7.44,6.78,-
2311060,8,BB,9,AB,10,AA,7,BC,8,BB,,,,,8,BB,10,AA,8,BB,10,AA,228,8.44,7.55,-
2311061,7,BC,7,BC,10,AA,9,AB,8,BB,,,,,8,BB,9,AB,9,AB,8,BB,223,8.26,7.93,-
2311062,9,AB,8,BB,9,AB,7,BC,9,AB,,,,,8,BB,9,AB,7,BC,7,BC,215,7.96,7.98,-
2311063,8,BB,7,BC,10,AA,9,AB,9,AB,,,,,7,BC,10,AA,8,BB,9,AB,224,8.30,7.84,-
2311064,8,BB,7,BC,10,AA,6,CC,8,BB,,,,,7,BC,10,AA,7,BC,9,AB,206,7.63,6.84,-
2311065,6,CC,5,CD,10,AA,5,CD,8,BB,,,,,5,CD,8,BB,4,DD,9,AB,164,6.07,5.91,-
2311066,8,BB,8,BB,9,AB,5,CD,7,BC,,,,,7,BC,9,AB,8,BB,9,AB,204,7.56,7.29,-
2311067,7,BC,7,BC,10,AA,5,CD,6,CC,,,,,6,CC,6,CC,7,BC,6,CC,177,6.56,6.53,-
2311068,9,AB,9,AB,10,AA,7,BC,7,BC,,,,,8,BB,9,AB,9,AB,10,AA,231,8.56,8.25,-
2311069,6,CC,6,CC,9,AB,5,CD,6,CC,,,,,5,CD,8,BB,5,CD,7,BC,162,6.00,6.09,-
2311070,8,BB,9,AB,9,AB,8,BB,10,AA,,,,,9,AB,9,AB,9,AB,7,BC,234,8.67,8.36,-
2311071,8,BB,7,BC,9,AB,9,AB,9,AB,,,,,8,BB,10,AA,8,BB,8,BB,224,8.30,7.05,-
2311072,9,AB,9,AB,9,AB,7,BC,7,BC,,,,,8,BB,10,AA,7,BC,8,BB,219,8.11,7.82,-
2311073,9,AB,8,BB,10,AA,6,CC,8,BB,,,,,7,BC,9,AB,7,BC,9,AB,211,7.81,7.58,-
2311074,8,BB,8,BB,9,AB,6,CC,9,AB,,,,,5,CD,8,BB,6,CC,9,AB,194,7.19,6.82,-
2311075,8,BB,6,CC,10,AA,6,CC,9,AB,,,,,6,CC,9,AB,5,CD,9,AB,190,7.04,6.55,-
2311076,8,BB,6,CC,10,AA,7,BC,8,BB,,,,,5,CD,8,BB,6,CC,9,AB,190,7.04,5.98,-
2311077,9,AB,8,BB,10,AA,6,CC,8,BB,,,,,7,BC,8,BB,7,BC,8,BB,207,7.67,7.31,-
2311078,7,BC,7,BC,9,AB,8,BB,7,BC,,,,,7,BC,7,BC,9,AB,8,BB,207,7.67,7.51,-
2311079,10,AA,9,AB,9,AB,7,BC,8,BB,,,,,8,BB,7,BC,9,AB,10,AA,230,8.52,8.38,-
2311080,8,BB,8,BB,9,AB,7,BC,10,AA,,,,,7,BC,9,AB,7,BC,10,AA,216,8.00,7.62,-
2311081,7,BC,6,CC,9,AB,5,CD,8,BB,,,,,5,CD,8,BB,5,CD,7,BC,169,6.26,5.84,-
2311082,8,BB,7,BC,9,AB,7,BC,9,AB,,,,,6,CC,8,BB,7,BC,7,BC,198,7.33,7.18,-
2311083,7,BC,6,CC,10,AA,8,BB,9,AB,,,,,5,CD,10,AA,5,CD,7,BC,189,7.00,6.4,-
2311084,8,BB,7,BC,9,AB,8,BB,9,AB,,,,,7,BC,9,AB,7,BC,7,BC,208,7.70,7.2,-
2311085,7,BC,6,CC,9,AB,5,CD,8,BB,,,,,5,CD,9,AB,4,DD,6,CC,165,6.11,5.6,-
2311086,7,BC,5,CD,9,AB,7,BC,9,AB,,,,,5,CD,9,AB,8,BB,6,CC,187,6.93,6.45,-
2311087,5,CD,4,DD,9,AB,5,CD,8,BB,,,,,7,BC,8,BB,5,CD,6,CC,161,5.96,5.71,-
2311088,7,BC,5,CD,9,AB,6,CC,8,BB,,,,,0,F,9,AB,4,DD,7,BC,147,5.44,4.64,-
2311089,6,CC,5,CD,9,AB,7,BC,7,BC,,,,,4,DD,8,BB,0,F,7,BC,144,5.33,4.91,-
2311090,4,DD,4,DD,9,AB,5,CD,7,BC,,,,,4,DD,7,BC,4,DD,5,CD,136,5.04,3.58,-
2311091,6,CC,5,CD,9,AB,5,CD,8,BB,,,,,4,DD,9,AB,4,DD,7,BC,156,5.78,4.6,-
2311092,7,BC,8,BB,9,AB,9,AB,9,AB,,,,,7,BC,8,BB,8,BB,6,CC,213,7.89,7.93,-
2311093,7,BC,7,BC,9,AB,7,BC,7,BC,,,,,6,CC,9,AB,6,CC,5,CD,185,6.85,6.38,-
2311094,8,BB,9,AB,9,AB,8,BB,9,AB,,,,,7,BC,10,AA,10,AA,7,BC,230,8.52,8.02,-
2311095,8,BB,6,CC,9,AB,6,CC,6,CC,,,,,5,CD,9,AB,5,CD,5,CD,170,6.30,6.31,-
2311096,7,BC,6,CC,9,AB,9,AB,10,AA,,,,,8,BB,10,AA,6,CC,8,BB,211,7.81,7.07,-
2311097,5,CD,0,F,9,AB,0,F,6,CC,,,,,4,DD,8,BB,0,F,6,CC,89,3.30,3.04,-
2311098,7,BC,7,BC,10,AA,8,BB,9,AB,,,,,6,CC,10,AA,8,BB,7,BC,209,7.74,7.15,-
2311099,9,AB,8,BB,10,AA,10,AA,10,AA,,,,,7,BC,10,AA,8,BB,10,AA,239,8.85,8.25,-
2311100,8,BB,7,BC,9,AB,9,AB,7,BC,,,,,7,BC,10,AA,8,BB,7,BC,214,7.93,7.51,-
2311101,7,BC,9,AB,9,AB,8,BB,7,BC,,,,,7,BC,9,AB,9,AB,7,BC,217,8.04,7.33,-
2311102,8,BB,6,CC,9,AB,7,BC,8,BB,,,,,6,CC,8,BB,6,CC,7,BC,188,6.96,6.24,-
2311103,6,CC,6,CC,9,AB,8,BB,9,AB,,,,,6,CC,9,AB,8,BB,7,BC,198,7.33,7.42,-
2311104,8,BB,8,BB,10,AA,8,BB,8,BB,,,,,7,BC,9,AB,6,CC,7,BC,208,7.70,7.38,-
2311105,8,BB,7,BC,9,AB,9,AB,10,AA,,,,,8,BB,10,AA,8,BB,8,BB,226,8.37,8.24,-
2311106,6,CC,6,CC,9,AB,8,BB,10,AA,,,,,7,BC,9,AB,8,BB,9,AB,208,7.70,7.2,-
2311107,6,CC,5,CD,10,AA,7,BC,8,BB,,,,,7,BC,10,AA,7,BC,9,AB,196,7.26,6.51,-
2311108,10,AA,8,BB,9,AB,9,AB,7,BC,,,,,8,BB,10,AA,6,CC,10,AA,226,8.37,7.58,-
2311109,6,CC,5,CD,9,AB,7,BC,7,BC,,,,,6,CC,10,AA,6,CC,8,BB,182,6.74,5.27,-
2311110,7,BC,6,CC,9,AB,7,BC,7,BC,,,,,7,BC,9,AB,6,CC,7,BC,189,7.00,7.22,-
2311111,7,BC,5,CD,9,AB,6,CC,7,BC,,,,,6,CC,9,AB,4,DD,7,BC,169,6.26,5.71,-
2311112,6,CC,6,CC,9,AB,5,CD,7,BC,,,,,5,CD,8,BB,5,CD,6,CC,162,6.00,5.2,-
2311113,7,BC,6,CC,9,AB,7,BC,10,AA,,,,,8,BB,9,AB,7,BC,8,BB,205,7.59,6.55,-
2311114,4,DD,4,DD,9,AB,5,CD,7,BC,,,,,5,CD,9,AB,5,CD,7,BC,152,5.63,4.64,-
2311115,5,CD,0,F,9,AB,4,DD,7,BC,,,,,4,DD,8,BB,0,F,7,BC,109,4.04,3.24,-
2311116,6,CC,6,CC,9,AB,7,BC,8,BB,,,,,6,CC,8,BB,5,CD,6,CC,176,6.52,6.05,-
2311117,6,CC,6,CC,9,AB,7,BC,8,BB,,,,,6,CC,9,AB,8,BB,8,BB,194,7.19,6.36,-
2311118,6,CC,4,DD,9,AB,7,BC,7,BC,,,,,4,DD,8,BB,6,CC,8,BB,166,6.15,5.25,-
2311119,8,BB,7,BC,10,AA,9,AB,8,BB,,,,,8,BB,10,AA,8,BB,9,AB,226,8.37,7.85,-
2311120,7,BC,7,BC,10,AA,8,BB,8,BB,,,,,5,CD,10,AA,7,BC,7,BC,199,7.37,7.36,-
2311121,9,AB,7,BC,9,AB,6,CC,10,AA,,,,,7,BC,10,AA,6,CC,9,AB,207,7.67,7.31,-
2311122,6,CC,5,CD,9,AB,6,CC,7,BC,,,,,5,CD,9,AB,6,CC,7,BC,170,6.30,6.05,-
2311123,7,BC,5,CD,9,AB,6,CC,9,AB,,,,,4,DD,9,AB,4,DD,6,CC,163,6.04,4.98,-
2311124,6,CC,4,DD,9,AB,7,BC,9,AB,,,,,4,DD,8,BB,4,DD,6,CC,158,5.85,5.47,-
2311125,8,BB,7,BC,10,AA,8,BB,10,AA,,,,,7,BC,9,AB,6,CC,8,BB,210,7.78,6.89,-
2311126,6,CC,6,CC,9,AB,8,BB,7,BC,,,,,6,CC,9,AB,5,CD,6,CC,180,6.67,6.16,-
2311127,9,AB,7,BC,9,AB,7,BC,8,BB,,,,,7,BC,8,BB,5,CD,6,CC,193,7.15,6.67,-
2311128,9,AB,8,BB,10,AA,8,BB,9,AB,,,,,7,BC,9,AB,8,BB,9,AB,225,8.33,8.35,-
2311130,6,CC,5,CD,9,AB,8,BB,10,AA,,,,,5,CD,9,AB,7,BC,6,CC,186,6.89,6.45,-
2311131,7,BC,6,CC,9,AB,6,CC,7,BC,,,,,5,CD,9,AB,6,CC,8,BB,179,6.63,5.89,-
2311132,7,BC,6,CC,9,AB,7,BC,7,BC,,,,,7,BC,9,AB,7,BC,7,BC,193,7.15,6.96,-
2311133,9,AB,9,AB,10,AA,9,AB,10,AA,,,,,8,BB,10,AA,10,AA,10,AA,251,9.30,8.65,-
2311134,8,BB,7,BC,10,AA,8,BB,10,AA,,,,,8,BB,10,AA,7,BC,8,BB,220,8.15,7.56,-
2311135,6,CC,6,CC,10,AA,8,BB,7,BC,,,,,6,CC,9,AB,6,CC,6,CC,186,6.89,6.65,-
2311136,8,BB,6,CC,10,AA,8,BB,7,BC,,,,,7,BC,9,AB,7,BC,8,BB,204,7.56,7.44,-
2311137,7,BC,8,BB,10,AA,9,AB,10,AA,,,,,7,BC,10,AA,9,AB,8,BB,229,8.48,8.18,-
2311138,8,BB,8,BB,10,AA,9,AB,10,AA,,,,,7,BC,9,AB,7,BC,8,BB,222,8.22,8.02,-
2311139,4,DD,0,F,9,AB,0,F,6,CC,,,,,4,DD,8,BB,0,F,6,CC,86,3.19,3.04,-
2311140,10,AA,8,BB,10,AA,10,AA,10,AA,,,,,9,AB,10,AA,9,AB,9,AB,252,9.33,9.45,-
2311141,10,AA,7,BC,9,AB,8,BB,10,AA,,,,,7,BC,10,AA,8,BB,9,AB,226,8.37,7.89,-
2311142,8,BB,9,AB,10,AA,9,AB,10,AA,,,,,7,BC,9,AB,8,BB,9,AB,232,8.59,7.53,-
2311143,8,BB,8,BB,10,AA,7,BC,10,AA,,,,,7,BC,10,AA,8,BB,9,AB,222,8.22,7.85,-
2311144,7,BC,7,BC,10,AA,6,CC,9,AB,,,,,6,CC,9,AB,7,BC,7,BC,195,7.22,7.07,-
2311145,7,BC,7,BC,10,AA,6,CC,8,BB,,,,,5,CD,8,BB,5,CD,6,CC,177,6.56,6.67,-
2311146,10,AA,7,BC,10,AA,7,BC,10,AA,,,,,7,BC,9,AB,8,BB,10,AA,224,8.30,7.87,-
2311147,6,CC,7,BC,10,AA,7,BC,10,AA,,,,,7,BC,9,AB,6,CC,10,AA,204,7.56,7.47,-
2311148,10,AA,8,BB,10,AA,10,AA,10,AA,,,,,8,BB,9,AB,9,AB,10,AA,248,9.19,8.42,-
2311149,8,BB,8,BB,10,AA,6,CC,6,CC,,,,,7,BC,9,AB,6,CC,8,BB,198,7.33,7.33,-
2311150,9,AB,7,BC,10,AA,7,BC,9,AB,,,,,7,BC,8,BB,7,BC,9,AB,211,7.81,7.75,-
2311151,5,CD,4,DD,9,AB,5,CD,7,BC,,,,,5,CD,8,BB,4,DD,6,CC,147,5.44,4.18,-
2311152,5,CD,4,DD,9,AB,0,F,6,CC,,,,,4,DD,9,AB,4,DD,7,BC,125,4.63,3.67,-
2311153,4,DD,4,DD,9,AB,4,DD,7,BC,,,,,5,CD,9,AB,4,DD,8,BB,146,5.41,5.36,-
2311154,8,BB,6,CC,9,AB,8,BB,10,AA,,,,,5,CD,10,AA,4,DD,9,AB,192,7.11,5.45,-
2311155,0,F,0,F,9,AB,0,F,6,CC,,,,,0,F,9,AB,4,DD,6,CC,76,2.81,2.73,-
2311156,5,CD,4,DD,9,AB,6,CC,6,CC,,,,,5,CD,10,AA,5,CD,8,BB,161,5.96,3.93,-
2312001,7,BC,8,BB,9,AB,7,BC,8,BB,8,BB,6,CC,6,CC,8,BB,204,7.29,7.64,-
2312002,6,CC,7,BC,10,AA,8,BB,9,AB,5,CD,0,F,5,CD,8,BB,164,5.86,6.2,-
2312003,7,BC,10,AA,10,AA,9,AB,9,AB,10,AA,9,AB,10,AA,8,BB,258,9.21,9.29,-
2312004,7,BC,10,AA,10,AA,9,AB,9,AB,10,AA,9,AB,10,AA,8,BB,258,9.21,9.16,-
2312005,6,CC,6,CC,9,AB,8,BB,9,AB,7,BC,7,BC,5,CD,7,BC,192,6.86,7.16,-
2312006,5,CD,4,DD,7,BC,5,CD,9,AB,4,DD,0,F,4,DD,6,CC,122,4.36,5.2,-
2312007,4,DD,7,BC,9,AB,6,CC,8,BB,6,CC,4,DD,6,CC,7,BC,170,6.07,6.33,-
2312008,5,CD,8,BB,9,AB,5,CD,9,AB,7,BC,5,CD,5,CD,7,BC,180,6.43,6.55,-
2312009,4,DD,8,BB,9,AB,8,BB,9,AB,6,CC,4,DD,6,CC,6,CC,180,6.43,6.49,-
2312010,5,CD,7,BC,9,AB,9,AB,9,AB,5,CD,4,DD,6,CC,7,BC,180,6.43,6.8,-
2312011,5,CD,10,AA,10,AA,8,BB,9,AB,9,AB,7,BC,8,BB,8,BB,229,8.18,8.29,-
2312012,7,BC,9,AB,10,AA,7,BC,9,AB,8,BB,8,BB,8,BB,8,BB,228,8.14,7.98,-
2312013,4,DD,5,CD,8,BB,7,BC,9,AB,5,CD,0,F,5,CD,6,CC,139,4.96,5.82,-
2312014,8,BB,8,BB,10,AA,9,AB,6,CC,8,BB,4,DD,8,BB,8,BB,211,7.54,6.69,-
2312015,7,BC,7,BC,10,AA,9,AB,9,AB,6,CC,0,F,5,CD,7,BC,172,6.14,6.73,-
2312016,4,DD,5,CD,9,AB,7,BC,9,AB,4,DD,0,F,4,DD,6,CC,133,4.75,5.36,-
2312017,4,DD,4,DD,8,BB,7,BC,7,BC,5,CD,0,F,0,F,4,DD,107,3.82,4.33,-
2312018,4,DD,4,DD,8,BB,6,CC,9,AB,4,DD,0,F,4,DD,5,CD,122,4.36,4.49,-
2312019,7,BC,9,AB,10,AA,8,BB,9,AB,9,AB,6,CC,9,AB,8,BB,231,8.25,8.45,-
2312020,9,AB,8,BB,10,AA,7,BC,9,AB,10,AA,8,BB,8,BB,9,AB,240,8.57,8.91,-
2312021,9,AB,10,AA,10,AA,10,AA,9,AB,10,AA,7,BC,10,AA,9,AB,261,9.32,9.47,-
2312022,7,BC,5,CD,10,AA,6,CC,9,AB,5,CD,0,F,6,CC,0,F,141,5.04,5.36,-
2312023,6,CC,6,CC,10,AA,8,BB,9,AB,7,BC,6,CC,5,CD,10,AA,196,7.00,6.89,-
2312024,7,BC,7,BC,10,AA,7,BC,9,AB,8,BB,8,BB,9,AB,10,AA,228,8.14,8.13,-
2312025,9,AB,10,AA,10,AA,10,AA,9,AB,9,AB,9,AB,7,BC,9,AB,253,9.04,8.75,-
2312026,8,BB,8,BB,10,AA,9,AB,9,AB,7,BC,5,CD,9,AB,8,BB,221,7.89,7.49,-
2312027,0,F,0,F,0,F,0,F,0,F,0,F,0,F,0,F,0,F,0,0.00,2.64,-
2312028,6,CC,9,AB,9,AB,8,BB,9,AB,8,BB,7,BC,8,BB,10,AA,226,8.07,8.47,-
2312029,9,AB,10,AA,10,AA,8,BB,9,AB,9,AB,6,CC,9,AB,9,AB,243,8.68,8.35,-
2312030,6,CC,9,AB,10,AA,10,AA,9,AB,7,BC,5,CD,9,AB,10,AA,226,8.07,8.02,-
2312031,5,CD,8,BB,10,AA,7,BC,9,AB,7,BC,6,CC,8,BB,9,AB,208,7.43,7.47,-
2312032,6,CC,7,BC,10,AA,9,AB,8,BB,7,BC,4,DD,6,CC,8,BB,193,6.89,7.56,-
2312033,8,BB,9,AB,9,AB,9,AB,8,BB,8,BB,7,BC,8,BB,9,AB,231,8.25,8.45,-
2312034,8,BB,8,BB,10,AA,8,BB,8,BB,6,CC,6,CC,6,CC,9,AB,206,7.36,7.05,-
2312035,7,BC,9,AB,10,AA,8,BB,6,CC,8,BB,5,CD,8,BB,10,AA,217,7.75,7.76,-
2312036,5,CD,7,BC,9,AB,7,BC,9,AB,6,CC,4,DD,7,BC,8,BB,184,6.57,6.89,-
2312037,9,AB,10,AA,10,AA,10,AA,9,AB,8,BB,5,CD,10,AA,10,AA,247,8.82,8.82,-
2312038,6,CC,10,AA,10,AA,9,AB,9,AB,8,BB,10,AA,9,AB,8,BB,247,8.82,8.22,-
2312039,5,CD,7,BC,9,AB,8,BB,9,AB,8,BB,6,CC,10,AA,9,AB,217,7.75,7.38,-
2312040,5,CD,6,CC,9,AB,8,BB,9,AB,6,CC,4,DD,7,BC,7,BC,181,6.46,7.16,-
2312041,5,CD,9,AB,10,AA,8,BB,9,AB,7,BC,7,BC,10,AA,9,AB,227,8.11,7.42,-
2312042,5,CD,7,BC,9,AB,7,BC,9,AB,8,BB,6,CC,9,AB,8,BB,208,7.43,6.8,-
2312043,8,BB,8,BB,10,AA,8,BB,9,AB,8,BB,5,CD,8,BB,9,AB,220,7.86,7.64,-
2312044,7,BC,8,BB,10,AA,9,AB,9,AB,8,BB,5,CD,7,BC,10,AA,218,7.79,7.82,-
2312045,7,BC,10,AA,10,AA,7,BC,9,AB,7,BC,5,CD,9,AB,9,AB,222,7.93,7.58,-
2312046,7,BC,7,BC,10,AA,7,BC,9,AB,5,CD,7,BC,6,CC,9,AB,198,7.07,6.65,-
2312047,8,BB,10,AA,10,AA,10,AA,9,AB,8,BB,5,CD,9,AB,10,AA,240,8.57,8.69,-
2312048,7,BC,7,BC,10,AA,9,AB,8,BB,7,BC,5,CD,7,BC,9,AB,206,7.36,7.45,-
2312049,6,CC,7,BC,10,AA,6,CC,9,AB,5,CD,4,DD,5,CD,9,AB,176,6.29,6.36,-
2312050,4,DD,0,F,9,AB,4,DD,9,AB,4,DD,0,F,0,F,6,CC,88,3.14,3.96,-
2312051,6,CC,7,BC,10,AA,9,AB,7,BC,6,CC,5,CD,6,CC,9,AB,193,6.89,7.11,-
2312052,8,BB,9,AB,10,AA,8,BB,9,AB,8,BB,6,CC,10,AA,9,AB,236,8.43,8.2,-
2312053,7,BC,10,AA,10,AA,9,AB,9,AB,8,BB,10,AA,10,AA,10,AA,258,9.21,8.85,-
2312054,9,AB,9,AB,9,AB,9,AB,8,BB,8,BB,8,BB,9,AB,9,AB,242,8.64,8.6,-
2312055,7,BC,9,AB,9,AB,7,BC,9,AB,6,CC,6,CC,9,AB,8,BB,214,7.64,7.42,-
2312056,8,BB,8,BB,10,AA,9,AB,9,AB,8,BB,8,BB,9,AB,10,AA,241,8.61,8.42,-
2312057,7,BC,9,AB,10,AA,9,AB,9,AB,8,BB,6,CC,7,BC,9,AB,224,8.00,8.13,-
2312058,6,CC,6,CC,10,AA,7,BC,6,CC,7,BC,4,DD,6,CC,9,AB,181,6.46,6.71,-
2312059,7,BC,8,BB,10,AA,9,AB,9,AB,7,BC,7,BC,8,BB,10,AA,226,8.07,7.89,-
2312060,9,AB,8,BB,9,AB,9,AB,9,AB,8,BB,6,CC,10,AA,9,AB,236,8.43,8.58,-
2312061,7,BC,9,AB,9,AB,8,BB,9,AB,9,AB,6,CC,9,AB,10,AA,233,8.32,8.31,-
2312062,6,CC,8,BB,9,AB,7,BC,9,AB,6,CC,5,CD,6,CC,9,AB,193,6.89,6.65,-
2312063,4,DD,9,AB,9,AB,9,AB,9,AB,7,BC,5,CD,8,BB,8,BB,207,7.39,7.38,-
2312064,5,CD,8,BB,10,AA,9,AB,9,AB,9,AB,6,CC,6,CC,9,AB,214,7.64,7.75,-
2312065,5,CD,7,BC,9,AB,8,BB,9,AB,6,CC,5,CD,7,BC,9,AB,193,6.89,7.13,-
2312066,6,CC,7,BC,9,AB,9,AB,9,AB,8,BB,5,CD,7,BC,8,BB,205,7.32,7.16,-
2312067,6,CC,7,BC,9,AB,9,AB,9,AB,8,BB,5,CD,7,BC,9,AB,207,7.39,7.29,-
2312068,5,CD,8,BB,10,AA,10,AA,9,AB,7,BC,5,CD,7,BC,9,AB,209,7.46,7.44,-
2312069,7,BC,10,AA,10,AA,10,AA,9,AB,7,BC,5,CD,9,AB,8,BB,229,8.18,8.55,-
2312070,6,CC,8,BB,10,AA,8,BB,9,AB,8,BB,4,DD,9,AB,8,BB,212,7.57,7.29,-
2312071,6,CC,9,AB,10,AA,9,AB,8,BB,8,BB,8,BB,9,AB,9,AB,235,8.39,7.89,-
2312072,9,AB,10,AA,10,AA,10,AA,9,AB,10,AA,7,BC,10,AA,9,AB,261,9.32,9.35,-
2312073,8,BB,10,AA,10,AA,10,AA,9,AB,9,AB,7,BC,10,AA,9,AB,254,9.07,9.13,-
2312074,7,BC,9,AB,9,AB,9,AB,9,AB,8,BB,5,CD,8,BB,9,AB,222,7.93,7.82,-
2312075,8,BB,10,AA,10,AA,9,AB,9,AB,9,AB,7,BC,9,AB,9,AB,247,8.82,8.47,-
2312076,9,AB,10,AA,10,AA,9,AB,9,AB,9,AB,7,BC,9,AB,10,AA,252,9.00,8.95,-
2312077,5,CD,8,BB,10,AA,8,BB,9,AB,8,BB,5,CD,7,BC,8,BB,205,7.32,7.49,-
2312078,8,BB,10,AA,10,AA,9,AB,9,AB,8,BB,9,AB,10,AA,9,AB,255,9.11,8.69,-
2312079,5,CD,7,BC,10,AA,10,AA,9,AB,7,BC,6,CC,8,BB,9,AB,213,7.61,7.96,-
2312080,7,BC,9,AB,10,AA,9,AB,9,AB,7,BC,7,BC,8,BB,9,AB,228,8.14,7.98,-
2312081,5,CD,7,BC,10,AA,8,BB,9,AB,6,CC,6,CC,6,CC,9,AB,195,6.96,6.58,-
2312082,4,DD,7,BC,9,AB,9,AB,9,AB,8,BB,6,CC,6,CC,7,BC,197,7.04,6.82,-
2312083,6,CC,7,BC,10,AA,8,BB,9,AB,7,BC,8,BB,7,BC,8,BB,212,7.57,7.71,-
2312084,6,CC,9,AB,9,AB,9,AB,9,AB,8,BB,7,BC,6,CC,9,AB,219,7.82,7.67,-
2312085,5,CD,7,BC,9,AB,7,BC,9,AB,6,CC,7,BC,5,CD,8,BB,188,6.71,6.47,-
2312086,6,CC,8,BB,10,AA,8,BB,6,CC,8,BB,5,CD,8,BB,9,AB,208,7.43,7.33,-
2312087,6,CC,7,BC,10,AA,9,AB,8,BB,7,BC,5,CD,8,BB,9,AB,207,7.39,7.82,-
2312088,8,BB,9,AB,10,AA,8,BB,9,AB,7,BC,9,AB,8,BB,10,AA,238,8.50,7.78,-
2312089,7,BC,9,AB,10,AA,8,BB,8,BB,6,CC,7,BC,6,CC,8,BB,209,7.46,7.02,-
2312090,9,AB,10,AA,10,AA,10,AA,9,AB,8,BB,6,CC,9,AB,9,AB,245,8.75,9.07,-
2312091,6,CC,4,DD,8,BB,8,BB,7,BC,4,DD,4,DD,5,CD,7,BC,154,5.50,6.16,-
2312092,8,BB,7,BC,9,AB,9,AB,7,BC,9,AB,7,BC,7,BC,9,AB,221,7.89,8.49,-
2312093,7,BC,5,CD,8,BB,7,BC,7,BC,4,DD,5,CD,6,CC,7,BC,166,5.93,5.38,-
2312094,8,BB,0,F,8,BB,8,BB,7,BC,0,F,0,F,0,F,8,BB,94,3.36,4.22,-
2312095,8,BB,7,BC,9,AB,9,AB,7,BC,8,BB,5,CD,7,BC,9,AB,209,7.46,7.64,-
2312096,8,BB,9,AB,8,BB,9,AB,8,BB,9,AB,10,AA,8,BB,9,AB,245,8.75,8.73,-
2312097,8,BB,6,CC,7,BC,7,BC,8,BB,7,BC,6,CC,7,BC,8,BB,195,6.96,7.4,-
2312098,9,AB,7,BC,9,AB,9,AB,8,BB,10,AA,8,BB,9,AB,9,AB,242,8.64,8.95,-
2312099,9,AB,8,BB,8,BB,9,AB,8,BB,9,AB,8,BB,9,AB,9,AB,240,8.57,8.95,-
2312100,8,BB,8,BB,9,AB,9,AB,8,BB,8,BB,4,DD,8,BB,10,AA,217,7.75,8.11,-
2312101,6,CC,4,DD,8,BB,7,BC,8,BB,4,DD,0,F,4,DD,7,BC,133,4.75,5.13,-
2312102,6,CC,5,CD,9,AB,9,AB,8,BB,6,CC,5,CD,6,CC,6,CC,179,6.39,6.87,-
2312103,8,BB,7,BC,9,AB,9,AB,8,BB,9,AB,8,BB,8,BB,9,AB,231,8.25,8.11,-
2312104,5,CD,5,CD,8,BB,7,BC,8,BB,4,DD,0,F,6,CC,9,AB,146,5.21,5.29,-
2312105,6,CC,6,CC,9,AB,9,AB,8,BB,9,AB,9,AB,7,BC,9,AB,221,7.89,7.71,-
2312106,8,BB,6,CC,9,AB,8,BB,8,BB,8,BB,5,CD,7,BC,8,BB,202,7.21,7.44,-
2312107,7,BC,8,BB,9,AB,9,AB,8,BB,10,AA,8,BB,10,AA,8,BB,242,8.64,8.91,-
2312108,8,BB,8,BB,9,AB,8,BB,8,BB,8,BB,5,CD,6,CC,8,BB,206,7.36,6.95,-
2312109,8,BB,7,BC,10,AA,8,BB,8,BB,9,AB,8,BB,9,AB,8,BB,232,8.29,8.09,-
2312110,7,BC,6,CC,10,AA,9,AB,8,BB,5,CD,6,CC,5,CD,9,AB,190,6.79,7.2,-
2312111,8,BB,7,BC,10,AA,10,AA,7,BC,9,AB,6,CC,9,AB,10,AA,232,8.29,8.2,-
2312112,9,AB,7,BC,9,AB,9,AB,7,BC,9,AB,8,BB,9,AB,10,AA,238,8.50,8.78,-
2312113,7,BC,5,CD,9,AB,8,BB,7,BC,7,BC,6,CC,6,CC,8,BB,189,6.75,6.73,-
2312114,8,BB,9,AB,10,AA,9,AB,7,BC,10,AA,8,BB,10,AA,10,AA,253,9.04,9.22,-
2312115,8,BB,9,AB,10,AA,8,BB,7,BC,10,AA,5,CD,9,AB,8,BB,230,8.21,8.31,-
2312116,8,BB,7,BC,10,AA,7,BC,8,BB,8,BB,6,CC,7,BC,8,BB,209,7.46,7.82,-
2312117,8,BB,8,BB,10,AA,8,BB,8,BB,10,AA,9,AB,9,AB,9,AB,246,8.79,8.85,-
2312118,8,BB,7,BC,9,AB,9,AB,8,BB,9,AB,8,BB,10,AA,9,AB,239,8.54,8.64,-
2312119,9,AB,9,AB,9,AB,10,AA,8,BB,10,AA,7,BC,8,BB,9,AB,245,8.75,8.64,-
2312120,9,AB,7,BC,9,AB,10,AA,8,BB,10,AA,6,CC,9,AB,10,AA,239,8.54,8.93,-
2312121,8,BB,7,BC,10,AA,8,BB,9,AB,9,AB,5,CD,8,BB,9,AB,220,7.86,7.85,-
2312122,10,AA,9,AB,10,AA,10,AA,9,AB,9,AB,9,AB,10,AA,10,AA,266,9.50,9.35,-
2312123,9,AB,8,BB,9,AB,9,AB,9,AB,9,AB,8,BB,8,BB,9,AB,240,8.57,8.62,-
2312124,7,BC,7,BC,10,AA,8,BB,9,AB,9,AB,6,CC,8,BB,10,AA,223,7.96,8.18,-
2312125,7,BC,9,AB,10,AA,8,BB,9,AB,9,AB,8,BB,8,BB,9,AB,237,8.46,8.38,-
2312126,9,AB,8,BB,10,AA,10,AA,9,AB,10,AA,9,AB,9,AB,9,AB,257,9.18,9.36,-
2312127,7,BC,4,DD,8,BB,8,BB,9,AB,7,BC,4,DD,6,CC,5,CD,173,6.18,6.25,-
2312128,8,BB,5,CD,8,BB,7,BC,9,AB,7,BC,5,CD,7,BC,8,BB,191,6.82,6.76,-
2312129,9,AB,8,BB,9,AB,10,AA,9,AB,9,AB,10,AA,9,AB,10,AA,257,9.18,9.31,-
2312130,8,BB,8,BB,10,AA,10,AA,9,AB,9,AB,8,BB,10,AA,9,AB,250,8.93,9.09,-
2312131,9,AB,9,AB,10,AA,9,AB,8,BB,10,AA,10,AA,10,AA,10,AA,266,9.50,9.44,-
2312132,9,AB,7,BC,9,AB,9,AB,8,BB,8,BB,7,BC,9,AB,9,AB,230,8.21,8.71,-
2312133,9,AB,7,BC,9,AB,10,AA,8,BB,8,BB,8,BB,8,BB,8,BB,231,8.25,8.64,-
2312134,7,BC,6,CC,9,AB,8,BB,8,BB,8,BB,8,BB,8,BB,8,BB,215,7.68,7.76,-
2312135,8,BB,6,CC,9,AB,8,BB,8,BB,9,AB,6,CC,7,BC,9,AB,212,7.57,7.65,-
2312136,8,BB,7,BC,9,AB,9,AB,8,BB,8,BB,7,BC,7,BC,9,AB,219,7.82,7.69,-
2312137,6,CC,7,BC,9,AB,7,BC,8,BB,8,BB,5,CD,6,CC,8,BB,193,6.89,7.07,-
2312138,7,BC,5,CD,8,BB,9,AB,8,BB,8,BB,5,CD,6,CC,8,BB,192,6.86,6.98,-
2312139,8,BB,4,DD,9,AB,8,BB,8,BB,5,CD,0,F,4,DD,5,CD,144,5.14,4.89,-
2312140,5,CD,0,F,9,AB,4,DD,8,BB,0,F,0,F,0,F,8,BB,77,2.75,4.04,-
2312141,7,BC,8,BB,9,AB,8,BB,8,BB,9,AB,7,BC,8,BB,9,AB,225,8.04,8.38,-
2312142,7,BC,7,BC,10,AA,9,AB,8,BB,10,AA,8,BB,8,BB,10,AA,236,8.43,8.78,-
2312143,8,BB,6,CC,9,AB,9,AB,8,BB,10,AA,7,BC,7,BC,8,BB,221,7.89,8.4,-
2312144,8,BB,5,CD,9,AB,8,BB,8,BB,6,CC,4,DD,5,CD,8,BB,178,6.36,6.45,-
2312145,7,BC,6,CC,8,BB,8,BB,8,BB,8,BB,7,BC,6,CC,8,BB,201,7.18,7.71,-
2312146,7,BC,6,CC,9,AB,8,BB,7,BC,7,BC,6,CC,7,BC,9,AB,199,7.11,6.87,-
2312147,8,BB,7,BC,9,AB,10,AA,7,BC,9,AB,8,BB,9,AB,9,AB,236,8.43,8.31,-
2312149,8,BB,6,CC,10,AA,9,AB,7,BC,8,BB,8,BB,7,BC,9,AB,219,7.82,7.91,-
2312150,8,BB,8,BB,9,AB,9,AB,7,BC,9,AB,7,BC,8,BB,10,AA,231,8.25,8.4,-
2312151,7,BC,6,CC,8,BB,7,BC,7,BC,6,CC,5,CD,6,CC,8,BB,180,6.43,7.11,-
2312152,8,BB,7,BC,9,AB,8,BB,7,BC,8,BB,8,BB,9,AB,9,AB,226,8.07,8.36,-
2312153,6,CC,4,DD,8,BB,6,CC,7,BC,4,DD,0,F,5,CD,7,BC,132,4.71,4.82,-
2312154,8,BB,6,CC,10,AA,8,BB,7,BC,8,BB,6,CC,7,BC,9,AB,208,7.43,7.84,-
2312155,7,BC,5,CD,8,BB,9,AB,7,BC,7,BC,0,F,5,CD,7,BC,160,5.71,6.36,-
2312156,7,BC,7,BC,9,AB,9,AB,6,CC,8,BB,5,CD,6,CC,8,BB,198,7.07,7.65,-
2312157,7,BC,4,DD,9,AB,7,BC,6,CC,4,DD,5,CD,6,CC,8,BB,164,5.86,5.75,-
2312158,6,CC,0,F,8,BB,5,CD,6,CC,0,F,0,F,4,DD,7,BC,91,3.25,4.18,-
2312159,7,BC,4,DD,8,BB,8,BB,6,CC,0,F,0,F,4,DD,5,CD,115,4.11,4.35,-
2312160,7,BC,6,CC,8,BB,9,AB,6,CC,8,BB,6,CC,6,CC,8,BB,196,7.00,7.47,-
2312161,8,BB,5,CD,9,AB,9,AB,8,BB,7,BC,8,BB,7,BC,10,AA,213,7.61,8.13,-
2312162,5,CD,4,DD,8,BB,7,BC,8,BB,4,DD,0,F,4,DD,8,BB,132,4.71,5.35,-
2312163,9,AB,7,BC,10,AA,9,AB,8,BB,9,AB,6,CC,5,CD,9,AB,216,7.71,8.09,-
2312164,9,AB,7,BC,9,AB,9,AB,8,BB,8,BB,8,BB,6,CC,9,AB,222,7.93,8.31,-
2312165,6,CC,4,DD,10,AA,9,AB,8,BB,5,CD,6,CC,6,CC,8,BB,181,6.46,5.96,-
2312166,8,BB,8,BB,9,AB,10,AA,7,BC,9,AB,9,AB,8,BB,10,AA,242,8.64,8.76,-
2312167,9,AB,9,AB,10,AA,10,AA,7,BC,10,AA,6,CC,10,AA,10,AA,251,8.96,9.22,-
2312168,7,BC,6,CC,9,AB,8,BB,7,BC,8,BB,8,BB,7,BC,7,BC,207,7.39,8.09,-
2312169,7,BC,7,BC,10,AA,9,AB,7,BC,7,BC,6,CC,7,BC,9,AB,208,7.43,7.69,-
2312170,6,CC,0,F,9,AB,5,CD,7,BC,0,F,4,DD,4,DD,8,BB,113,4.04,4.64,-
2312171,8,BB,5,CD,9,AB,9,AB,7,BC,5,CD,4,DD,4,DD,6,CC,167,5.96,5.58,-
2312172,7,BC,7,BC,9,AB,8,BB,7,BC,7,BC,5,CD,5,CD,8,BB,189,6.75,6.2,-
2312173,7,BC,0,F,7,BC,6,CC,7,BC,0,F,0,F,0,F,6,CC,79,2.82,3.11,-
2312174,6,CC,0,F,9,AB,6,CC,7,BC,0,F,4,DD,4,DD,8,BB,116,4.14,4.78,-
2312175,6,CC,0,F,8,BB,7,BC,7,BC,0,F,0,F,0,F,4,DD,77,2.75,3.67,-
2313001,5,CD,0,F,7,BC,4,DD,6,CC,0,F,0,F,0,F,5,CD,63,2.25,3,-
2313002,6,CC,6,CC,9,AB,8,BB,8,BB,9,AB,9,AB,8,BB,7,BC,218,7.79,7.76,-
2313003,6,CC,6,CC,10,AA,9,AB,8,BB,8,BB,7,BC,8,BB,8,BB,213,7.61,7.76,-
2313004,4,DD,0,F,7,BC,5,CD,5,CD,0,F,0,F,0,F,0,F,51,1.82,3.15,-
2313005,8,BB,6,CC,9,AB,9,AB,8,BB,10,AA,10,AA,9,AB,10,AA,245,8.75,9.04,-
2313006,9,AB,7,BC,10,AA,10,AA,9,AB,10,AA,9,AB,9,AB,10,AA,255,9.11,9.44,-
2313007,8,BB,5,CD,10,AA,9,AB,9,AB,7,BC,8,BB,4,DD,8,BB,201,7.18,7.58,-
2313008,6,CC,4,DD,9,AB,9,AB,8,BB,7,BC,5,CD,6,CC,6,CC,179,6.39,6.62,-
2313009,7,BC,0,F,9,AB,8,BB,5,CD,8,BB,5,CD,6,CC,7,BC,163,5.82,5.98,-
2313010,8,BB,7,BC,10,AA,9,AB,8,BB,10,AA,6,CC,9,AB,7,BC,229,8.18,8.09,-
2313011,7,BC,7,BC,10,AA,9,AB,8,BB,8,BB,7,BC,9,AB,9,AB,226,8.07,8.55,-
2313012,7,BC,8,BB,9,AB,9,AB,9,AB,10,AA,6,CC,10,AA,10,AA,240,8.57,8.58,-
2313013,7,BC,6,CC,9,AB,9,AB,9,AB,7,BC,7,BC,8,BB,9,AB,214,7.64,7.62,-
2313014,5,CD,5,CD,9,AB,8,BB,9,AB,8,BB,7,BC,7,BC,6,CC,195,6.96,7.6,-
2313015,6,CC,4,DD,9,AB,9,AB,9,AB,9,AB,7,BC,7,BC,8,BB,205,7.32,7.51,-
2313016,6,CC,0,F,9,AB,8,BB,9,AB,6,CC,0,F,4,DD,7,BC,132,4.71,5.11,-
2313017,10,AA,6,CC,10,AA,10,AA,9,AB,10,AA,7,BC,10,AA,10,AA,250,8.93,9.18,-
2313018,6,CC,4,DD,10,AA,9,AB,9,AB,5,CD,4,DD,6,CC,8,BB,175,6.25,6.73,-
2313019,7,BC,7,BC,10,AA,9,AB,9,AB,9,AB,8,BB,8,BB,9,AB,232,8.29,8.4,-
2313020,8,BB,5,CD,9,AB,9,AB,9,AB,9,AB,8,BB,8,BB,10,AA,227,8.11,8.44,-
2313021,6,CC,8,BB,9,AB,10,AA,9,AB,9,AB,6,CC,9,AB,10,AA,232,8.29,8.45,-
2313022,9,AB,7,BC,9,AB,10,AA,9,AB,9,AB,8,BB,8,BB,9,AB,239,8.54,8.51,-
2313023,8,BB,6,CC,9,AB,10,AA,9,AB,9,AB,8,BB,7,BC,8,BB,226,8.07,8.53,-
2313024,6,CC,4,DD,9,AB,9,AB,9,AB,5,CD,4,DD,5,CD,6,CC,165,5.89,6.53,-
2313025,6,CC,6,CC,10,AA,9,AB,9,AB,7,BC,7,BC,8,BB,9,AB,213,7.61,7.8,-
2313026,6,CC,4,DD,9,AB,9,AB,9,AB,6,CC,5,CD,7,BC,7,BC,183,6.54,6.73,-
2313027,6,CC,5,CD,9,AB,10,AA,9,AB,8,BB,6,CC,8,BB,9,AB,210,7.50,7.75,-
2313028,9,AB,6,CC,9,AB,9,AB,9,AB,9,AB,9,AB,9,AB,9,AB,240,8.57,8.62,-
2313029,7,BC,4,DD,9,AB,9,AB,9,AB,6,CC,4,DD,4,DD,9,AB,174,6.21,6.44,-
2313030,6,CC,0,F,9,AB,8,BB,8,BB,6,CC,4,DD,6,CC,9,AB,158,5.64,6.25,-
2313031,7,BC,5,CD,9,AB,9,AB,9,AB,8,BB,5,CD,9,AB,10,AA,212,7.57,7.78,-
2313032,7,BC,5,CD,10,AA,9,AB,9,AB,8,BB,7,BC,7,BC,9,AB,212,7.57,8.27,-
2313033,7,BC,0,F,9,AB,8,BB,7,BC,7,BC,5,CD,5,CD,9,AB,163,5.82,6.2,-
2313034,6,CC,5,CD,9,AB,10,AA,9,AB,8,BB,5,CD,7,BC,8,BB,200,7.14,7.67,-
2313035,8,BB,5,CD,9,AB,9,AB,9,AB,8,BB,6,CC,7,BC,9,AB,209,7.46,8.07,-
2313036,7,BC,7,BC,10,AA,10,AA,9,AB,9,AB,6,CC,8,BB,10,AA,229,8.18,7.85,-
2313037,8,BB,7,BC,10,AA,10,AA,8,BB,8,BB,5,CD,8,BB,8,BB,218,7.79,7.67,-
2313038,7,BC,5,CD,9,AB,9,AB,8,BB,8,BB,6,CC,8,BB,9,AB,208,7.43,7.82,-
2313039,7,BC,4,DD,10,AA,10,AA,9,AB,7,BC,6,CC,7,BC,8,BB,201,7.18,7.75,-
2313040,7,BC,6,CC,10,AA,9,AB,8,BB,8,BB,6,CC,7,BC,9,AB,210,7.50,7.53,-
2313041,7,BC,7,BC,9,AB,10,AA,9,AB,8,BB,7,BC,10,AA,10,AA,235,8.39,8.29,-
2313042,7,BC,8,BB,9,AB,10,AA,9,AB,10,AA,6,CC,10,AA,10,AA,243,8.68,8.98,-
2313043,6,CC,4,DD,8,BB,9,AB,9,AB,7,BC,0,F,4,DD,6,CC,151,5.39,6.11,-
2313044,7,BC,8,BB,9,AB,10,AA,9,AB,10,AA,6,CC,10,AA,9,AB,241,8.61,8.76,-
2313045,6,CC,5,CD,9,AB,9,AB,9,AB,8,BB,5,CD,7,BC,8,BB,197,7.04,7.38,-
2313046,7,BC,4,DD,9,AB,10,AA,9,AB,6,CC,6,CC,6,CC,8,BB,191,6.82,7.38,-
2313047,7,BC,5,CD,9,AB,10,AA,9,AB,7,BC,5,CD,7,BC,7,BC,197,7.04,7.35,-
2313048,6,CC,5,CD,9,AB,10,AA,8,BB,8,BB,5,CD,8,BB,8,BB,202,7.21,7.33,-
2313049,6,CC,4,DD,8,BB,8,BB,8,BB,7,BC,5,CD,6,CC,8,BB,178,6.36,6.69,-
2313050,5,CD,4,DD,8,BB,8,BB,9,AB,6,CC,7,BC,8,BB,7,BC,187,6.68,6.56,-
2313051,5,CD,5,CD,9,AB,8,BB,9,AB,6,CC,4,DD,7,BC,8,BB,179,6.39,7.25,-
2313052,7,BC,6,CC,9,AB,9,AB,9,AB,7,BC,4,DD,6,CC,7,BC,190,6.79,6.91,-
2313053,7,BC,5,CD,9,AB,9,AB,9,AB,8,BB,5,CD,8,BB,9,AB,206,7.36,7.07,-
2313054,7,BC,5,CD,9,AB,9,AB,7,BC,7,BC,4,DD,7,BC,8,BB,188,6.71,6.87,-
2313055,6,CC,5,CD,9,AB,9,AB,9,AB,8,BB,5,CD,7,BC,8,BB,197,7.04,7.69,-
2313056,7,BC,8,BB,9,AB,8,BB,9,AB,10,AA,9,AB,10,AA,9,AB,247,8.82,9.15,-
2313057,6,CC,6,CC,9,AB,9,AB,9,AB,7,BC,5,CD,8,BB,9,AB,203,7.25,7.6,-
2313058,8,BB,8,BB,9,AB,9,AB,9,AB,9,AB,9,AB,9,AB,10,AA,247,8.82,8.89,-
2313059,6,CC,5,CD,9,AB,9,AB,9,AB,9,AB,6,CC,7,BC,8,BB,205,7.32,7.33,-
2313060,6,CC,6,CC,9,AB,9,AB,9,AB,7,BC,5,CD,6,CC,8,BB,193,6.89,7.04,-
2313061,6,CC,4,DD,9,AB,10,AA,9,AB,7,BC,0,F,5,CD,9,AB,166,5.93,6.64,-
2313062,6,CC,5,CD,9,AB,9,AB,9,AB,8,BB,6,CC,8,BB,9,AB,207,7.39,7.73,-
2313063,7,BC,6,CC,9,AB,8,BB,9,AB,9,AB,5,CD,8,BB,8,BB,209,7.46,6.84,-
2313064,8,BB,7,BC,8,BB,9,AB,9,AB,9,AB,7,BC,9,AB,8,BB,229,8.18,8.42,-
2313065,8,BB,7,BC,9,AB,10,AA,9,AB,9,AB,7,BC,8,BB,9,AB,232,8.29,8.44,-
2313066,6,CC,6,CC,9,AB,9,AB,7,BC,9,AB,8,BB,8,BB,8,BB,217,7.75,8.42,-
2313067,7,BC,7,BC,10,AA,9,AB,8,BB,8,BB,7,BC,10,AA,9,AB,230,8.21,8.44,-
2313068,6,CC,4,DD,9,AB,8,BB,8,BB,6,CC,6,CC,7,BC,7,BC,182,6.50,6.25,-
2313069,7,BC,6,CC,9,AB,10,AA,9,AB,7,BC,6,CC,7,BC,9,AB,209,7.46,7.95,-
2313070,8,BB,7,BC,9,AB,9,AB,9,AB,10,AA,7,BC,10,AA,10,AA,243,8.68,8.87,-
2313071,6,CC,4,DD,9,AB,9,AB,8,BB,7,BC,6,CC,7,BC,8,BB,191,6.82,6.82,-
2313072,6,CC,6,CC,9,AB,9,AB,7,BC,7,BC,5,CD,8,BB,9,AB,199,7.11,7.25,-
2313073,8,BB,7,BC,9,AB,9,AB,5,CD,9,AB,7,BC,10,AA,9,AB,229,8.18,8.42,-
2313074,7,BC,6,CC,9,AB,9,AB,8,BB,9,AB,8,BB,7,BC,9,AB,220,7.86,7.95,-
2313075,7,BC,6,CC,9,AB,9,AB,8,BB,8,BB,7,BC,9,AB,9,AB,220,7.86,8.11,-
2313076,8,BB,5,CD,9,AB,9,AB,9,AB,7,BC,6,CC,8,BB,9,AB,209,7.46,7.58,-
2313077,5,CD,0,F,8,BB,8,BB,5,CD,6,CC,4,DD,4,DD,5,CD,131,4.68,5.24,-
2313078,7,BC,7,BC,9,AB,10,AA,9,AB,8,BB,6,CC,9,AB,9,AB,225,8.04,8.33,-
2313079,7,BC,8,BB,9,AB,9,AB,9,AB,8,BB,7,BC,9,AB,8,BB,228,8.14,8.53,-
2313080,8,BB,6,CC,9,AB,10,AA,9,AB,8,BB,5,CD,8,BB,9,AB,216,7.71,7.82,-
2313081,5,CD,4,DD,9,AB,8,BB,7,BC,4,DD,0,F,5,CD,4,DD,131,4.68,4.62,-
2313082,7,BC,4,DD,9,AB,9,AB,9,AB,7,BC,4,DD,5,CD,8,BB,180,6.43,6.51,-
2313083,8,BB,6,CC,9,AB,10,AA,8,BB,9,AB,6,CC,9,AB,9,AB,226,8.07,8.45,-
2313084,5,CD,0,F,9,AB,8,BB,7,BC,6,CC,0,F,4,DD,6,CC,123,4.39,4.98,-
2313085,5,CD,4,DD,9,AB,8,BB,9,AB,8,BB,4,DD,6,CC,8,BB,179,6.39,6.44,-
2313086,8,BB,8,BB,9,AB,7,BC,9,AB,9,AB,5,CD,8,BB,8,BB,217,7.75,8.2,-
2313087,9,AB,7,BC,10,AA,8,BB,9,AB,9,AB,9,AB,9,AB,9,AB,243,8.68,8.55,-
2313089,9,AB,6,CC,9,AB,7,BC,9,AB,8,BB,5,CD,6,CC,10,AA,204,7.29,7.22,-
2313090,9,AB,8,BB,9,AB,9,AB,9,AB,9,AB,7,BC,10,AA,9,AB,244,8.71,8.45,-
2313091,8,BB,5,CD,10,AA,9,AB,9,AB,6,CC,4,DD,8,BB,8,BB,197,7.04,7.15,-
2313092,8,BB,6,CC,9,AB,8,BB,8,BB,7,BC,4,DD,5,CD,7,BC,184,6.57,6.93,-
2313093,8,BB,6,CC,8,BB,8,BB,9,AB,8,BB,5,CD,4,DD,5,CD,184,6.57,6.44,-
2313094,8,BB,6,CC,9,AB,7,BC,8,BB,6,CC,4,DD,4,DD,4,DD,167,5.96,6.04,-
2313095,8,BB,7,BC,9,AB,8,BB,8,BB,9,AB,6,CC,6,CC,9,AB,212,7.57,7.84,-
2313096,8,BB,6,CC,9,AB,8,BB,8,BB,7,BC,4,DD,7,BC,9,AB,196,7.00,6.78,-
2313097,8,BB,6,CC,10,AA,9,AB,8,BB,6,CC,5,CD,6,CC,8,BB,195,6.96,6.76,-
2313098,9,AB,9,AB,9,AB,9,AB,8,BB,9,AB,6,CC,8,BB,9,AB,234,8.36,8.45,-
2313099,10,AA,8,BB,10,AA,8,BB,8,BB,9,AB,6,CC,8,BB,7,BC,228,8.14,8.22,-
2313100,9,AB,8,BB,9,AB,9,AB,8,BB,8,BB,6,CC,8,BB,7,BC,222,7.93,7.64,-
2313101,9,AB,5,CD,9,AB,7,BC,6,CC,5,CD,4,DD,4,DD,7,BC,164,5.86,5.91,-
2313102,8,BB,8,BB,9,AB,8,BB,7,BC,8,BB,5,CD,6,CC,7,BC,202,7.21,7.56,-
2313103,9,AB,6,CC,10,AA,9,AB,7,BC,8,BB,7,BC,6,CC,9,AB,214,7.64,6.91,-
2313104,8,BB,7,BC,9,AB,7,BC,7,BC,5,CD,0,F,5,CD,5,CD,155,5.54,5.82,-
2313105,8,BB,5,CD,8,BB,7,BC,7,BC,6,CC,4,DD,5,CD,8,BB,171,6.11,6.42,-
2313106,8,BB,8,BB,9,AB,7,BC,7,BC,9,AB,6,CC,6,CC,9,AB,211,7.54,7.51,-
2313107,9,AB,6,CC,8,BB,8,BB,7,BC,7,BC,5,CD,4,DD,8,BB,185,6.61,6.6,-
2313108,10,AA,9,AB,9,AB,8,BB,9,AB,9,AB,6,CC,9,AB,10,AA,242,8.64,8.93,-
2313109,10,AA,8,BB,9,AB,7,BC,9,AB,8,BB,6,CC,8,BB,9,AB,225,8.04,8.09,-
2313110,7,BC,8,BB,9,AB,7,BC,8,BB,8,BB,6,CC,7,BC,6,CC,204,7.29,7.05,-
2313111,7,BC,7,BC,8,BB,7,BC,8,BB,7,BC,4,DD,6,CC,7,BC,184,6.57,6.95,-
2313112,0,I,0,I,9,AB,0,F,8,BB,0,F,0,I,0,I,7,BC,48,1.71,4.04,-
2313113,8,BB,8,BB,9,AB,10,AA,8,BB,10,AA,8,BB,10,AA,8,BB,248,8.86,8.93,-
2313114,6,CC,5,CD,9,AB,7,BC,8,BB,5,CD,4,DD,4,DD,8,BB,161,5.75,5.96,-
2313115,9,AB,8,BB,9,AB,7,BC,7,BC,8,BB,8,BB,8,BB,9,AB,226,8.07,7.96,-
2313116,9,AB,7,BC,9,AB,8,BB,6,CC,9,AB,5,CD,8,BB,10,AA,217,7.75,7.96,-
2313117,9,AB,9,AB,9,AB,10,AA,7,BC,9,AB,9,AB,8,BB,8,BB,245,8.75,9.18,-
2313118,8,BB,8,BB,9,AB,9,AB,6,CC,9,AB,7,BC,9,AB,9,AB,231,8.25,8.53,-
2313119,9,AB,8,BB,10,AA,10,AA,7,BC,9,AB,7,BC,10,AA,8,BB,243,8.68,8.85,-
2313120,9,AB,8,BB,10,AA,8,BB,7,BC,8,BB,7,BC,5,CD,9,AB,215,7.68,7.55,-
2313121,8,BB,8,BB,10,AA,9,AB,7,BC,9,AB,6,CC,9,AB,7,BC,227,8.11,8.16,-
2313122,7,BC,6,CC,9,AB,6,CC,6,CC,5,CD,0,F,4,DD,4,DD,137,4.89,4.82,-
2313123,8,BB,6,CC,9,AB,5,CD,6,CC,8,BB,4,DD,5,CD,7,BC,175,6.25,6.09,-
2313124,9,AB,8,BB,9,AB,8,BB,7,BC,8,BB,5,CD,8,BB,8,BB,215,7.68,7.56,-
2313125,6,CC,6,CC,9,AB,6,CC,7,BC,7,BC,6,CC,4,DD,4,DD,168,6.00,5.82,-
2313126,9,AB,8,BB,9,AB,9,AB,7,BC,7,BC,5,CD,7,BC,8,BB,210,7.50,7.47,-
2313127,8,BB,4,DD,8,BB,6,CC,6,CC,7,BC,0,F,0,F,5,CD,124,4.43,4.89,-
2313128,7,BC,7,BC,9,AB,7,BC,7,BC,6,CC,5,CD,6,CC,8,BB,186,6.64,6.76,-
2313129,6,CC,6,CC,9,AB,7,BC,8,BB,7,BC,5,CD,7,BC,6,CC,185,6.61,6.38,-
2313130,8,BB,5,CD,9,AB,8,BB,8,BB,7,BC,4,DD,7,BC,8,BB,190,6.79,6.76,-
2313132,7,BC,6,CC,9,AB,7,BC,7,BC,5,CD,0,F,4,DD,7,BC,148,5.29,5.56,-
2313133,7,BC,7,BC,8,BB,7,BC,8,BB,7,BC,4,DD,5,CD,7,BC,180,6.43,6.47,-
2313134,7,BC,5,CD,7,BC,6,CC,8,BB,6,CC,4,DD,0,F,0,F,129,4.61,4.85,-
2313135,6,CC,6,CC,9,AB,7,BC,7,BC,5,CD,0,F,4,DD,4,DD,139,4.96,5.11,-
2313136,7,BC,7,BC,9,AB,9,AB,8,BB,6,CC,4,DD,4,DD,7,BC,180,6.43,6.6,-
2313137,6,CC,5,CD,8,BB,5,CD,7,BC,7,BC,6,CC,4,DD,7,BC,165,5.89,5.55,-
2313138,9,AB,8,BB,10,AA,10,AA,8,BB,9,AB,7,BC,9,AB,9,AB,243,8.68,8.82,-
2313139,9,AB,7,BC,9,AB,7,BC,8,BB,9,AB,7,BC,5,CD,8,BB,210,7.50,6.95,-
2313140,8,BB,7,BC,9,AB,9,AB,8,BB,6,CC,5,CD,5,CD,7,BC,191,6.82,6.85,-
2313141,9,AB,7,BC,9,AB,8,BB,6,CC,9,AB,7,BC,8,BB,9,AB,223,7.96,8.11,-
2313142,8,BB,8,BB,10,AA,9,AB,7,BC,9,AB,6,CC,8,BB,8,BB,225,8.04,8.07,-
2313143,8,BB,8,BB,10,AA,9,AB,7,BC,9,AB,7,BC,8,BB,8,BB,229,8.18,8.47,-
2313144,7,BC,6,CC,9,AB,10,AA,8,BB,9,AB,5,CD,6,CC,10,AA,209,7.46,7.2,-
2313145,9,AB,7,BC,9,AB,9,AB,7,BC,9,AB,8,BB,8,BB,8,BB,230,8.21,7.96,-
2313146,8,BB,7,BC,7,BC,9,AB,8,BB,8,BB,5,CD,5,CD,8,BB,197,7.04,6.98,-
2313147,9,AB,9,AB,10,AA,10,AA,8,BB,8,BB,6,CC,10,AA,9,AB,243,8.68,8.62,-
2313148,9,AB,8,BB,9,AB,10,AA,9,AB,9,AB,7,BC,9,AB,9,AB,243,8.68,8.76,-
2313149,9,AB,8,BB,9,AB,9,AB,9,AB,8,BB,5,CD,8,BB,9,AB,224,8.00,8.09,-
2313150,8,BB,7,BC,9,AB,8,BB,8,BB,8,BB,4,DD,5,CD,8,BB,194,6.93,6.58,-
2313151,8,BB,8,BB,8,BB,8,BB,8,BB,7,BC,7,BC,7,BC,6,CC,208,7.43,7.31,-
2313152,8,BB,5,CD,8,BB,6,CC,7,BC,7,BC,4,DD,6,CC,7,BC,174,6.21,5.95,-
2313153,8,BB,8,BB,10,AA,8,BB,8,BB,9,AB,7,BC,9,AB,8,BB,232,8.29,8.07,-
2313154,9,AB,8,BB,10,AA,7,BC,7,BC,9,AB,6,CC,9,AB,9,AB,228,8.14,8.16,-
2313155,9,AB,7,BC,9,AB,7,BC,8,BB,8,BB,6,CC,7,BC,9,AB,212,7.57,7.33,-
2313156,8,BB,7,BC,10,AA,8,BB,7,BC,8,BB,6,CC,7,BC,9,AB,212,7.57,7.2,-
2313157,0,F,5,CD,8,BB,7,BC,6,CC,6,CC,4,DD,6,CC,0,F,133,4.75,5.02,-
2313159,9,AB,7,BC,9,AB,8,BB,6,CC,8,BB,6,CC,7,BC,9,AB,211,7.54,7.56,-
2313160,9,AB,8,BB,9,AB,6,CC,6,CC,8,BB,7,BC,6,CC,8,BB,207,7.39,7.35,-
2313161,8,BB,5,CD,9,AB,7,BC,8,BB,6,CC,0,F,6,CC,7,BC,161,5.75,5.55,-
2313162,4,DD,0,F,8,BB,4,DD,7,BC,0,F,0,F,0,F,5,CD,64,2.29,2.42,-
2313163,5,CD,0,F,8,BB,7,BC,6,CC,0,F,0,F,0,F,5,CD,74,2.64,3.11,-
2313164,7,BC,4,DD,9,AB,6,CC,6,CC,4,DD,0,F,0,F,5,CD,111,3.96,3.47,-
2214086,,,0,F,0,F,,,,,0,F,0,F,0,F,,,0,1.61,1.67,-
2314001,7,BC,7,BC,9,AB,9,AB,7,BC,8,BB,6,CC,6,CC,9,AB,206,7.36,7.73,-
2314002,7,BC,5,CD,9,AB,8,BB,8,BB,6,CC,4,DD,5,CD,9,AB,177,6.32,6.2,-
2314003,8,BB,8,BB,10,AA,8,BB,7,BC,7,BC,4,DD,8,BB,8,BB,206,7.36,7,-
2314004,10,AA,8,BB,9,AB,9,AB,8,BB,7,BC,7,BC,7,BC,10,AA,227,8.11,8.18,-
2314005,7,BC,7,BC,9,AB,9,AB,7,BC,8,BB,6,CC,6,CC,9,AB,206,7.36,7.09,-
2314006,8,BB,8,BB,9,AB,8,BB,7,BC,7,BC,6,CC,6,CC,10,AA,208,7.43,7.38,-
2314007,8,BB,6,CC,9,AB,9,AB,6,CC,7,BC,5,CD,5,CD,7,BC,187,6.68,6.93,-
2314008,8,BB,5,CD,9,AB,6,CC,9,AB,4,DD,4,DD,6,CC,9,AB,172,6.14,6.16,-
2314009,8,BB,5,CD,9,AB,6,CC,7,BC,5,CD,5,CD,6,CC,8,BB,174,6.21,6.45,-
2314010,9,AB,8,BB,9,AB,9,AB,7,BC,7,BC,5,CD,8,BB,10,AA,218,7.79,7.67,-
2314011,6,CC,0,F,7,BC,7,BC,8,BB,4,DD,0,F,0,F,5,CD,95,3.39,3.85,-
2314012,9,AB,9,AB,9,AB,10,AA,9,AB,8,BB,6,CC,9,AB,9,AB,239,8.54,8.33,-
2314013,8,BB,8,BB,9,AB,8,BB,9,AB,8,BB,7,BC,8,BB,9,AB,226,8.07,7.95,-
2314014,9,AB,9,AB,9,AB,9,AB,10,AA,10,AA,7,BC,8,BB,10,AA,248,8.86,8.64,-
2314015,7,BC,8,BB,9,AB,9,AB,9,AB,9,AB,5,CD,8,BB,9,AB,222,7.93,8.07,-
2314016,7,BC,8,BB,9,AB,10,AA,9,AB,10,AA,7,BC,9,AB,9,AB,241,8.61,8.51,-
2314017,10,AA,8,BB,9,AB,9,AB,9,AB,9,AB,6,CC,9,AB,10,AA,241,8.61,8.42,-
2314018,10,AA,7,BC,9,AB,9,AB,8,BB,8,BB,4,DD,5,CD,9,AB,205,7.32,7.2,-
2314019,8,BB,7,BC,9,AB,9,AB,9,AB,7,BC,5,CD,5,CD,8,BB,199,7.11,7.04,-
2314020,8,BB,8,BB,9,AB,9,AB,10,AA,9,AB,7,BC,8,BB,10,AA,237,8.46,8.44,-
2314021,5,CD,0,F,9,AB,6,CC,8,BB,0,F,0,F,0,F,6,CC,79,2.82,3.56,-
2314022,5,CD,6,CC,9,AB,6,CC,8,BB,7,BC,4,DD,6,CC,8,BB,175,6.25,6.18,-
2314023,8,BB,8,BB,9,AB,10,AA,8,BB,7,BC,5,CD,5,CD,9,AB,206,7.36,7.47,-
2314024,9,AB,8,BB,9,AB,8,BB,8,BB,9,AB,7,BC,9,AB,9,AB,235,8.39,8.64,-
2314025,8,BB,8,BB,9,AB,9,AB,8,BB,6,CC,5,CD,7,BC,9,AB,207,7.39,7.93,-
2314026,9,AB,9,AB,10,AA,9,AB,8,BB,10,AA,7,BC,9,AB,10,AA,250,8.93,8.75,-
2314027,7,BC,7,BC,9,AB,8,BB,8,BB,7,BC,6,CC,7,BC,10,AA,207,7.39,7.16,-
2314028,7,BC,7,BC,8,BB,8,BB,9,AB,7,BC,4,DD,5,CD,8,BB,187,6.68,6.96,-
2314029,7,BC,5,CD,9,AB,8,BB,9,AB,6,CC,4,DD,5,CD,9,AB,179,6.39,6.91,-
2314030,7,BC,9,AB,9,AB,8,BB,10,AA,10,AA,5,CD,8,BB,9,AB,229,8.18,8.6,-
2314031,6,CC,7,BC,9,AB,7,BC,8,BB,9,AB,0,F,7,BC,9,AB,183,6.54,7.09,-
2314032,7,BC,8,BB,9,AB,9,AB,8,BB,8,BB,6,CC,8,BB,10,AA,222,7.93,8.04,-
2314033,6,CC,5,CD,9,AB,5,CD,8,BB,6,CC,5,CD,5,CD,9,AB,169,6.04,6.58,-
2314034,8,BB,7,BC,9,AB,9,AB,8,BB,7,BC,5,CD,6,CC,10,AA,205,7.32,7.73,-
2314035,8,BB,9,AB,9,AB,9,AB,8,BB,8,BB,5,CD,8,BB,9,AB,223,7.96,7.93,-
2314036,7,BC,9,AB,9,AB,8,BB,8,BB,9,AB,5,CD,9,AB,10,AA,227,8.11,8.44,-
2314037,7,BC,10,AA,9,AB,8,BB,8,BB,8,BB,5,CD,9,AB,10,AA,227,8.11,8.44,-
2314038,7,BC,7,BC,9,AB,8,BB,8,BB,7,BC,5,CD,7,BC,10,AA,203,7.25,8.18,-
2314040,7,BC,7,BC,9,AB,7,BC,9,AB,8,BB,6,CC,7,BC,9,AB,208,7.43,7.36,-
2314041,7,BC,7,BC,9,AB,8,BB,9,AB,7,BC,6,CC,6,CC,10,AA,205,7.32,7.55,-
2314042,6,CC,4,DD,9,AB,8,BB,9,AB,5,CD,4,DD,4,DD,8,BB,162,5.79,5.4,-
2314043,6,CC,7,BC,9,AB,7,BC,9,AB,7,BC,5,CD,4,DD,7,BC,181,6.46,6.8,-
2314044,9,AB,9,AB,9,AB,9,AB,9,AB,8,BB,7,BC,8,BB,9,AB,236,8.43,8.75,-
2314045,9,AB,7,BC,9,AB,9,AB,9,AB,8,BB,5,CD,6,CC,10,AA,214,7.64,8.13,-
2314046,6,CC,8,BB,9,AB,6,CC,9,AB,8,BB,5,CD,6,CC,9,AB,198,7.07,7.85,-
2314047,7,BC,7,BC,9,AB,9,AB,8,BB,8,BB,7,BC,6,CC,10,AA,214,7.64,7.73,-
2314048,6,CC,7,BC,10,AA,9,AB,8,BB,10,AA,7,BC,7,BC,9,AB,223,7.96,8,-
2314049,6,CC,8,BB,9,AB,8,BB,8,BB,7,BC,7,BC,7,BC,9,AB,210,7.50,7.8,-
2314050,6,CC,8,BB,9,AB,9,AB,9,AB,10,AA,0,F,7,BC,9,AB,199,7.11,7.64,-
2314051,7,BC,9,AB,9,AB,9,AB,9,AB,8,BB,6,CC,7,BC,9,AB,222,7.93,8.16,-
2314052,8,BB,7,BC,9,AB,8,BB,8,BB,8,BB,4,DD,7,BC,9,AB,204,7.29,7.22,-
2314054,8,BB,8,BB,9,AB,9,AB,9,AB,8,BB,7,BC,9,AB,9,AB,233,8.32,8.33,-
2314055,7,BC,7,BC,9,AB,9,AB,9,AB,8,BB,5,CD,9,AB,10,AA,220,7.86,7.87,-
2314056,9,AB,7,BC,9,AB,8,BB,8,BB,7,BC,6,CC,7,BC,9,AB,211,7.54,7.38,-
2314057,8,BB,6,CC,10,AA,8,BB,7,BC,6,CC,5,CD,7,BC,9,AB,196,7.00,6.98,-
2314058,6,CC,9,AB,10,AA,8,BB,7,BC,10,AA,7,BC,8,BB,8,BB,228,8.14,8.25,-
2314059,8,BB,8,BB,10,AA,10,AA,7,BC,10,AA,6,CC,7,BC,9,AB,230,8.21,8.53,-
2314060,8,BB,8,BB,9,AB,9,AB,7,BC,8,BB,6,CC,9,AB,9,AB,225,8.04,7.65,-
2314061,7,BC,6,CC,9,AB,8,BB,9,AB,7,BC,4,DD,6,CC,9,AB,191,6.82,6.82,-
2314062,9,AB,9,AB,10,AA,10,AA,9,AB,10,AA,9,AB,9,AB,10,AA,263,9.39,9.4,-
2314063,9,AB,9,AB,9,AB,9,AB,10,AA,7,BC,6,CC,7,BC,10,AA,228,8.14,8.47,-
2314064,9,AB,10,AA,9,AB,10,AA,9,AB,9,AB,8,BB,9,AB,10,AA,257,9.18,9.16,-
2314065,7,BC,5,CD,9,AB,9,AB,9,AB,8,BB,0,F,5,CD,8,BB,172,6.14,5.87,-
2314066,8,BB,8,BB,10,AA,9,AB,9,AB,8,BB,5,CD,8,BB,10,AA,225,8.04,8.22,-
2314067,8,BB,8,BB,9,AB,10,AA,9,AB,9,AB,6,CC,9,AB,10,AA,238,8.50,8.53,-
2314068,6,CC,8,BB,9,AB,9,AB,9,AB,9,AB,7,BC,7,BC,8,BB,221,7.89,8.04,-
2314069,7,BC,9,AB,9,AB,9,AB,9,AB,10,AA,7,BC,7,BC,10,AA,236,8.43,8.42,-
2314070,7,BC,6,CC,9,AB,7,BC,9,AB,10,AA,5,CD,7,BC,8,BB,206,7.36,7.33,-
2314071,7,BC,8,BB,9,AB,10,AA,9,AB,9,AB,6,CC,7,BC,10,AA,227,8.11,8.13,-
2314072,5,CD,4,DD,9,AB,8,BB,9,AB,5,CD,0,F,0,F,6,CC,123,4.39,4.87,-
2314073,7,BC,6,CC,9,AB,9,AB,9,AB,9,AB,4,DD,5,CD,7,BC,194,6.93,7.53,-
2314074,5,CD,6,CC,9,AB,8,BB,9,AB,6,CC,4,DD,6,CC,9,AB,181,6.46,6.51,-
2314075,7,BC,6,CC,9,AB,9,AB,9,AB,6,CC,4,DD,5,CD,9,AB,186,6.64,6.82,-
2314076,6,CC,8,BB,9,AB,9,AB,10,AA,9,AB,8,BB,7,BC,9,AB,229,8.18,8.25,-
2314077,8,BB,8,BB,10,AA,10,AA,9,AB,8,BB,6,CC,8,BB,10,AA,232,8.29,8.33,-
2314078,6,CC,7,BC,9,AB,9,AB,10,AA,8,BB,5,CD,8,BB,10,AA,215,7.68,7.38,-
2314079,8,BB,8,BB,9,AB,9,AB,9,AB,10,AA,5,CD,8,BB,10,AA,231,8.25,8.69,-
2314080,7,BC,7,BC,9,AB,9,AB,10,AA,9,AB,6,CC,7,BC,8,BB,218,7.79,7.53,-
2314081,5,CD,4,DD,9,AB,7,BC,9,AB,4,DD,0,F,4,DD,6,CC,132,4.71,4.85,-
2314082,7,BC,6,CC,9,AB,10,AA,9,AB,8,BB,4,DD,6,CC,9,AB,201,7.18,7.35,-
2314083,10,AA,9,AB,9,AB,9,AB,9,AB,10,AA,4,DD,8,BB,9,AB,235,8.39,8.53,-
2314084,7,BC,7,BC,9,AB,9,AB,9,AB,8,BB,4,DD,7,BC,10,AA,208,7.43,7.47,-
2314085,7,BC,9,AB,10,AA,10,AA,9,AB,9,AB,5,CD,7,BC,10,AA,229,8.18,8.24,-
2314086,8,BB,7,BC,9,AB,8,BB,9,AB,9,AB,5,CD,6,CC,8,BB,208,7.43,7.44,-
2314087,8,BB,9,AB,9,AB,9,AB,9,AB,9,AB,6,CC,7,BC,9,AB,229,8.18,7.65,-
2314088,10,AA,7,BC,8,BB,8,BB,9,AB,9,AB,5,CD,7,BC,10,AA,220,7.86,7.82,-
2314089,8,BB,8,BB,8,BB,8,BB,8,BB,8,BB,5,CD,8,BB,10,AA,216,7.71,7.56,-
2314090,7,BC,7,BC,8,BB,8,BB,8,BB,9,AB,6,CC,7,BC,9,AB,211,7.54,6.96,-
2314091,9,AB,6,CC,9,AB,9,AB,8,BB,8,BB,8,BB,8,BB,10,AA,228,8.14,7.31,-
2314092,9,AB,9,AB,9,AB,10,AA,8,BB,8,BB,7,BC,9,AB,10,AA,243,8.68,8.49,-
2314093,10,AA,7,BC,9,AB,9,AB,8,BB,9,AB,7,BC,9,AB,10,AA,239,8.54,8.33,-
2314094,8,BB,9,AB,9,AB,9,AB,8,BB,9,AB,7,BC,8,BB,9,AB,235,8.39,8.4,-
2314095,10,AA,7,BC,9,AB,9,AB,9,AB,9,AB,5,CD,9,AB,10,AA,233,8.32,8.15,-
2314096,8,BB,9,AB,9,AB,9,AB,8,BB,10,AA,9,AB,10,AA,10,AA,257,9.18,8.8,-
2314097,9,AB,8,BB,9,AB,9,AB,8,BB,9,AB,7,BC,9,AB,10,AA,240,8.57,8.49,-
2314098,10,AA,9,AB,10,AA,10,AA,8,BB,10,AA,8,BB,10,AA,10,AA,264,9.43,9.09,-
2314099,9,AB,6,CC,9,AB,9,AB,8,BB,7,BC,4,DD,6,CC,10,AA,200,7.14,6.35,-
2314100,9,AB,9,AB,9,AB,9,AB,8,BB,10,AA,6,CC,7,BC,10,AA,236,8.43,7.91,-
2314101,9,AB,9,AB,10,AA,9,AB,7,BC,10,AA,8,BB,10,AA,10,AA,256,9.14,9.25,-
2314102,7,BC,5,CD,9,AB,8,BB,7,BC,4,DD,0,F,5,CD,8,BB,149,5.32,5.29,-
2314103,8,BB,5,CD,9,AB,8,BB,7,BC,6,CC,4,DD,6,CC,9,AB,182,6.50,6.22,-
2314104,10,AA,9,AB,9,AB,8,BB,7,BC,10,AA,6,CC,9,AB,9,AB,240,8.57,8.31,-
2314105,8,BB,7,BC,10,AA,9,AB,7,BC,8,BB,4,DD,7,BC,9,AB,207,7.39,7.2,-
2314106,7,BC,8,BB,10,AA,9,AB,8,BB,10,AA,7,BC,10,AA,10,AA,244,8.71,8.76,-
2314107,9,AB,8,BB,9,AB,9,AB,8,BB,9,AB,5,CD,8,BB,10,AA,228,8.14,7.96,-
2314108,7,BC,8,BB,9,AB,8,BB,8,BB,9,AB,5,CD,9,AB,10,AA,223,7.96,7.98,-
2314109,5,CD,6,CC,9,AB,8,BB,8,BB,7,BC,0,F,6,CC,8,BB,165,5.89,5.89,-
2314110,7,BC,9,AB,10,AA,8,BB,8,BB,10,AA,7,BC,10,AA,9,AB,243,8.68,8.62,-
2314111,7,BC,8,BB,10,AA,9,AB,8,BB,10,AA,5,CD,8,BB,9,AB,226,8.07,8.27,-
2314112,7,BC,7,BC,9,AB,8,BB,8,BB,7,BC,6,CC,8,BB,8,BB,207,7.39,7.82,-
2314113,8,BB,8,BB,8,BB,8,BB,8,BB,10,AA,7,BC,8,BB,8,BB,228,8.14,7.8,-
2314114,10,AA,7,BC,9,AB,8,BB,8,BB,8,BB,7,BC,8,BB,10,AA,228,8.14,7.73,-
2314115,7,BC,7,BC,10,AA,9,AB,8,BB,8,BB,5,CD,9,AB,9,AB,218,7.79,7.8,-
2314116,7,BC,7,BC,9,AB,9,AB,8,BB,7,BC,0,F,6,CC,8,BB,178,6.36,6.4,-
2314117,5,CD,5,CD,8,BB,9,AB,6,CC,5,CD,0,F,5,CD,7,BC,144,5.14,5.71,-
2314118,8,BB,8,BB,9,AB,9,AB,8,BB,8,BB,7,BC,10,AA,9,AB,235,8.39,8.2,-
2314119,6,CC,4,DD,8,BB,6,CC,6,CC,6,CC,0,F,6,CC,7,BC,142,5.07,5.18,-
2314120,9,AB,7,BC,9,AB,9,AB,8,BB,6,CC,4,DD,7,BC,9,AB,202,7.21,7.15,-
2314121,7,BC,7,BC,9,AB,9,AB,8,BB,7,BC,5,CD,6,CC,9,AB,200,7.14,6.95,-
2314122,7,BC,8,BB,9,AB,8,BB,8,BB,8,BB,8,BB,8,BB,9,AB,225,8.04,8.36,-
2314123,8,BB,6,CC,9,AB,8,BB,8,BB,8,BB,6,CC,7,BC,8,BB,206,7.36,6.87,-
2314124,10,AA,6,CC,9,AB,9,AB,8,BB,9,AB,5,CD,8,BB,10,AA,223,7.96,8.49,-
2314125,9,AB,6,CC,9,AB,9,AB,9,AB,7,BC,5,CD,7,BC,8,BB,206,7.36,7.42,-
2314126,8,BB,7,BC,9,AB,7,BC,9,AB,8,BB,7,BC,7,BC,10,AA,217,7.75,7.76,-
2314127,8,BB,9,AB,9,AB,8,BB,9,AB,9,AB,8,BB,7,BC,9,AB,234,8.36,8.13,-
2314128,7,BC,6,CC,8,BB,8,BB,9,AB,7,BC,6,CC,7,BC,7,BC,197,7.04,7.07,-
2314129,6,CC,8,BB,9,AB,9,AB,9,AB,7,BC,6,CC,7,BC,9,AB,211,7.54,7.36,-
2314130,8,BB,8,BB,9,AB,9,AB,9,AB,7,BC,5,CD,7,BC,10,AA,215,7.68,7.56,-
2314131,7,BC,8,BB,9,AB,8,BB,9,AB,8,BB,4,DD,5,CD,10,AA,201,7.18,7.53,-
2314132,7,BC,4,DD,9,AB,6,CC,8,BB,0,F,0,F,4,DD,8,BB,121,4.32,4.51,-
2314133,9,AB,9,AB,9,AB,8,BB,8,BB,10,AA,7,BC,9,AB,9,AB,243,8.68,8.31,-
2314134,6,CC,6,CC,9,AB,7,BC,9,AB,6,CC,4,DD,6,CC,10,AA,183,6.54,6.93,-
2314135,10,AA,9,AB,9,AB,9,AB,8,BB,10,AA,9,AB,9,AB,10,AA,259,9.25,9.35,-
2314136,7,BC,7,BC,9,AB,9,AB,8,BB,8,BB,5,CD,6,CC,9,AB,204,7.29,7.09,-
2314137,5,CD,5,CD,9,AB,8,BB,8,BB,6,CC,0,F,5,CD,8,BB,153,5.46,5.51,-
2314138,8,BB,6,CC,8,BB,8,BB,8,BB,6,CC,5,CD,7,BC,8,BB,192,6.86,6.6,-
2314139,8,BB,8,BB,9,AB,7,BC,8,BB,9,AB,6,CC,9,AB,9,AB,225,8.04,7.85,-
2314140,7,BC,7,BC,9,AB,9,AB,8,BB,6,CC,0,F,6,CC,9,AB,176,6.29,6.25,-
2314141,9,AB,8,BB,10,AA,10,AA,8,BB,7,BC,8,BB,9,AB,10,AA,241,8.61,8.73,-
2314142,9,AB,8,BB,10,AA,9,AB,9,AB,8,BB,7,BC,9,AB,10,AA,240,8.57,8.56,-
2314143,9,AB,6,CC,9,AB,8,BB,9,AB,8,BB,4,DD,6,CC,8,BB,199,7.11,7.36,-
2314144,9,AB,9,AB,9,AB,10,AA,9,AB,10,AA,7,BC,9,AB,10,AA,253,9.04,8.91,-
2314145,8,BB,5,CD,9,AB,9,AB,9,AB,4,DD,4,DD,6,CC,9,AB,181,6.46,6.56,-
2314146,9,AB,8,BB,9,AB,8,BB,9,AB,10,AA,10,AA,9,AB,10,AA,255,9.11,8.8,-
2314147,9,AB,8,BB,9,AB,9,AB,9,AB,8,BB,6,CC,8,BB,10,AA,230,8.21,8.38,-
2314148,9,AB,8,BB,9,AB,9,AB,9,AB,8,BB,6,CC,7,BC,9,AB,224,8.00,7.91,-
2314149,7,BC,8,BB,6,CC,9,AB,9,AB,7,BC,7,BC,8,BB,7,BC,212,7.57,7.53,-
2314151,8,BB,8,BB,9,AB,9,AB,8,BB,9,AB,5,CD,8,BB,8,BB,221,7.89,8.15,-
2314152,8,BB,8,BB,9,AB,10,AA,9,AB,9,AB,5,CD,8,BB,10,AA,230,8.21,7.85,-
2314153,7,BC,6,CC,9,AB,9,AB,8,BB,7,BC,5,CD,5,CD,9,AB,192,6.86,6.98,-
2314154,9,AB,8,BB,9,AB,10,AA,8,BB,10,AA,8,BB,9,AB,9,AB,249,8.89,8.75,-
2314155,9,AB,6,CC,10,AA,9,AB,8,BB,7,BC,6,CC,6,CC,10,AA,210,7.50,7.29,-
2314156,7,BC,7,BC,9,AB,8,BB,8,BB,7,BC,5,CD,7,BC,7,BC,197,7.04,6.35,-
2314157,9,AB,9,AB,9,AB,8,BB,8,BB,9,AB,5,CD,9,AB,9,AB,231,8.25,7.75,-
2314158,8,BB,7,BC,9,AB,9,AB,8,BB,8,BB,0,F,6,CC,8,BB,185,6.61,6.36,-
2314159,6,CC,5,CD,9,AB,9,AB,8,BB,7,BC,4,DD,7,BC,8,BB,187,6.68,6.53,-
2314160,9,AB,8,BB,10,AA,10,AA,8,BB,10,AA,8,BB,10,AA,10,AA,257,9.18,9.13,-
2314161,4,DD,4,DD,9,AB,7,BC,8,BB,0,F,0,F,4,DD,7,BC,113,4.04,4.56,-
2314162,6,CC,4,DD,7,BC,5,CD,8,BB,0,F,0,F,4,DD,4,DD,103,3.68,4.15,-
2314163,6,CC,5,CD,9,AB,6,CC,9,AB,4,DD,0,F,0,F,5,CD,118,4.21,4.45,-
2314164,6,CC,6,CC,9,AB,6,CC,8,BB,6,CC,0,F,4,DD,5,CD,144,5.14,5.05,-
2315001,8,BB,10,AA,10,AA,10,AA,9,AB,9,AB,9,AB,10,AA,8,BB,252,9.33,9.13,-
2315002,8,BB,9,AB,10,AA,9,AB,10,AA,10,AA,10,AA,10,AA,10,AA,256,9.48,9.07,-
2315003,6,CC,6,CC,10,AA,5,CD,8,BB,8,BB,9,AB,8,BB,6,CC,192,7.11,7,-
2315004,5,CD,5,CD,9,AB,4,DD,8,BB,4,DD,9,AB,5,CD,4,DD,147,5.44,4.96,-
2315005,7,BC,9,AB,10,AA,9,AB,9,AB,9,AB,9,AB,8,BB,7,BC,231,8.56,8.33,-
2315006,5,CD,6,CC,10,AA,4,DD,8,BB,6,CC,8,BB,6,CC,7,BC,169,6.26,5.89,-
2315007,7,BC,8,BB,10,AA,8,BB,10,AA,7,BC,9,AB,10,AA,9,AB,229,8.48,8.35,-
2315008,7,BC,10,AA,10,AA,7,BC,8,BB,10,AA,9,AB,9,AB,10,AA,239,8.85,8.75,-
2315009,8,BB,9,AB,10,AA,10,AA,10,AA,9,AB,10,AA,9,AB,10,AA,252,9.33,8.51,-
2315010,6,CC,8,BB,10,AA,8,BB,9,AB,9,AB,10,AA,9,AB,9,AB,230,8.52,8.49,-
2315011,7,BC,9,AB,10,AA,9,AB,10,AA,8,BB,9,AB,7,BC,10,AA,231,8.56,8.2,-
2315012,6,CC,8,BB,9,AB,6,CC,9,AB,9,AB,9,AB,8,BB,9,AB,214,7.93,7.56,-
2315013,7,BC,9,AB,10,AA,10,AA,10,AA,10,AA,10,AA,10,AA,8,BB,253,9.37,9.16,-
2315014,6,CC,9,AB,10,AA,7,BC,9,AB,7,BC,10,AA,7,BC,8,BB,212,7.85,7.56,-
2315015,6,CC,8,BB,10,AA,6,CC,8,BB,9,AB,9,AB,9,AB,6,CC,212,7.85,7.75,-
2315016,10,AA,9,AB,10,AA,6,CC,8,BB,9,AB,9,AB,6,CC,10,AA,224,8.30,7.95,-
2315017,6,CC,9,AB,9,AB,9,AB,10,AA,9,AB,10,AA,8,BB,9,AB,234,8.67,7.76,-
2315018,5,CD,6,CC,10,AA,5,CD,8,BB,8,BB,9,AB,7,BC,9,AB,191,7.07,6.67,-
2315019,7,BC,9,AB,10,AA,6,CC,9,AB,9,AB,10,AA,6,CC,10,AA,219,8.11,8.02,-
2315020,8,BB,9,AB,9,AB,7,BC,9,AB,7,BC,9,AB,7,BC,10,AA,218,8.07,7.8,-
2315021,8,BB,9,AB,9,AB,6,CC,8,BB,8,BB,10,AA,8,BB,9,AB,220,8.15,8.04,-
2315022,8,BB,9,AB,9,AB,8,BB,9,AB,8,BB,9,AB,9,AB,8,BB,230,8.52,7.76,-
2315023,8,BB,7,BC,10,AA,6,CC,8,BB,10,AA,9,AB,8,BB,8,BB,218,8.07,7.53,-
2315024,5,CD,9,AB,10,AA,5,CD,8,BB,7,BC,9,AB,7,BC,8,BB,197,7.30,6.91,-
2315025,6,CC,8,BB,10,AA,8,BB,9,AB,9,AB,8,BB,9,AB,9,AB,226,8.37,8.18,-
2315026,6,CC,8,BB,9,AB,5,CD,8,BB,7,BC,9,AB,6,CC,9,AB,192,7.11,6,-
2315027,7,BC,7,BC,10,AA,5,CD,8,BB,7,BC,9,AB,7,BC,7,BC,193,7.15,6.85,-
2315028,9,AB,9,AB,10,AA,8,BB,9,AB,10,AA,9,AB,8,BB,8,BB,239,8.85,8.31,-
2315029,7,BC,7,BC,10,AA,7,BC,8,BB,6,CC,9,AB,7,BC,7,BC,197,7.30,7.2,-
2315030,7,BC,6,CC,10,AA,7,BC,9,AB,5,CD,9,AB,5,CD,7,BC,183,6.78,6.42,-
2315031,7,BC,9,AB,10,AA,9,AB,9,AB,9,AB,9,AB,10,AA,9,AB,243,9.00,8.78,-
2315032,7,BC,9,AB,10,AA,8,BB,9,AB,9,AB,9,AB,8,BB,9,AB,231,8.56,8.36,-
2315033,6,CC,7,BC,9,AB,6,CC,8,BB,6,CC,9,AB,5,CD,8,BB,182,6.74,6.38,-
2315034,8,BB,9,AB,10,AA,8,BB,9,AB,9,AB,9,AB,10,AA,7,BC,238,8.81,8.69,-
2315035,6,CC,7,BC,9,AB,5,CD,8,BB,8,BB,9,AB,6,CC,5,CD,184,6.81,6.95,-
2315036,6,CC,7,BC,9,AB,6,CC,8,BB,9,AB,9,AB,7,BC,7,BC,200,7.41,7.4,-
2315037,5,CD,8,BB,9,AB,8,BB,9,AB,9,AB,9,AB,9,AB,8,BB,221,8.19,7.84,-
2315038,6,CC,8,BB,8,BB,7,BC,10,AA,8,BB,9,AB,8,BB,9,AB,214,7.93,7.76,-
2315039,8,BB,10,AA,9,AB,9,AB,10,AA,10,AA,9,AB,10,AA,9,AB,254,9.41,9.25,-
2315040,6,CC,9,AB,10,AA,9,AB,9,AB,9,AB,9,AB,7,BC,9,AB,228,8.44,8.47,-
2315041,8,BB,10,AA,9,AB,7,BC,9,AB,9,AB,9,AB,9,AB,7,BC,232,8.59,7.91,-
2315042,6,CC,8,BB,9,AB,7,BC,10,AA,9,AB,9,AB,7,BC,7,BC,212,7.85,7.4,-
2315043,8,BB,9,AB,8,BB,10,AA,10,AA,10,AA,9,AB,10,AA,8,BB,250,9.26,8.84,-
2315044,5,CD,5,CD,9,AB,4,DD,8,BB,5,CD,10,AA,5,CD,5,CD,155,5.74,5.53,-
2315045,6,CC,8,BB,9,AB,9,AB,10,AA,8,BB,9,AB,8,BB,7,BC,220,8.15,7.75,-
2315046,7,BC,8,BB,9,AB,9,AB,9,AB,9,AB,10,AA,7,BC,7,BC,223,8.26,7.82,-
2315047,6,CC,6,CC,9,AB,5,CD,8,BB,7,BC,9,AB,5,CD,8,BB,178,6.59,6.42,-
2315048,5,CD,5,CD,9,AB,4,DD,9,AB,7,BC,9,AB,7,BC,8,BB,177,6.56,6.91,-
2315049,8,BB,8,BB,8,BB,6,CC,10,AA,8,BB,9,AB,6,CC,8,BB,206,7.63,6.55,-
2315050,5,CD,7,BC,9,AB,10,AA,10,AA,9,AB,10,AA,8,BB,8,BB,225,8.33,8.13,-
2315051,6,CC,9,AB,10,AA,8,BB,9,AB,9,AB,9,AB,9,AB,9,AB,232,8.59,8.65,-
2315052,7,BC,10,AA,10,AA,10,AA,10,AA,10,AA,9,AB,9,AB,10,AA,255,9.44,9.29,-
2315053,6,CC,7,BC,8,BB,6,CC,8,BB,8,BB,8,BB,6,CC,7,BC,188,6.96,6.75,-
2315054,6,CC,7,BC,9,AB,5,CD,9,AB,6,CC,9,AB,6,CC,6,CC,180,6.67,6.6,-
2315055,8,BB,9,AB,10,AA,9,AB,10,AA,7,BC,9,AB,8,BB,10,AA,234,8.67,8.62,-
2315056,6,CC,9,AB,10,AA,9,AB,9,AB,9,AB,9,AB,7,BC,10,AA,230,8.52,8.15,-
2315057,9,AB,10,AA,10,AA,9,AB,9,AB,9,AB,9,AB,9,AB,9,AB,249,9.22,8.55,-
2315058,6,CC,8,BB,9,AB,8,BB,9,AB,8,BB,8,BB,9,AB,9,AB,220,8.15,7.93,-
2315059,6,CC,7,BC,10,AA,7,BC,9,AB,7,BC,9,AB,7,BC,7,BC,200,7.41,7.38,-
2315060,6,CC,9,AB,10,AA,7,BC,10,AA,8,BB,9,AB,9,AB,8,BB,224,8.30,7.8,-
2315061,10,AA,10,AA,10,AA,10,AA,10,AA,9,AB,8,BB,9,AB,9,AB,256,9.48,8.51,-
2315062,5,CD,6,CC,10,AA,7,BC,8,BB,7,BC,8,BB,5,CD,9,AB,185,6.85,6.04,-
2315063,7,BC,9,AB,9,AB,7,BC,9,AB,7,BC,9,AB,8,BB,9,AB,217,8.04,7.84,-
2315064,8,BB,10,AA,10,AA,9,AB,10,AA,10,AA,9,AB,8,BB,10,AA,250,9.26,8.84,-
2315065,8,BB,10,AA,10,AA,7,BC,10,AA,9,AB,9,AB,8,BB,9,AB,236,8.74,8,-
2315066,6,CC,9,AB,10,AA,9,AB,10,AA,10,AA,10,AA,10,AA,9,AB,248,9.19,8.47,-
2315067,6,CC,8,BB,8,BB,6,CC,10,AA,7,BC,9,AB,8,BB,7,BC,202,7.48,7.29,-
2315068,5,CD,6,CC,8,BB,4,DD,8,BB,6,CC,9,AB,4,DD,7,BC,159,5.89,5.89,-
2315069,6,CC,7,BC,10,AA,6,CC,9,AB,5,CD,9,AB,7,BC,8,BB,190,7.04,7.02,-
2315070,10,AA,10,AA,10,AA,9,AB,10,AA,10,AA,8,BB,8,BB,10,AA,254,9.41,8.98,-
2315072,7,BC,7,BC,8,BB,5,CD,9,AB,6,CC,9,AB,8,BB,8,BB,193,7.15,6.53,-
2315073,8,BB,8,BB,9,AB,6,CC,9,AB,7,BC,9,AB,8,BB,9,AB,212,7.85,6.69,-
2315074,6,CC,9,AB,10,AA,7,BC,9,AB,8,BB,9,AB,8,BB,9,AB,220,8.15,7.78,-
2315075,6,CC,8,BB,10,AA,6,CC,9,AB,8,BB,9,AB,7,BC,8,BB,206,7.63,7.33,-
2315076,5,CD,8,BB,9,AB,8,BB,9,AB,8,BB,9,AB,7,BC,7,BC,207,7.67,7.2,-
2315077,6,CC,9,AB,9,AB,8,BB,9,AB,7,BC,9,AB,8,BB,9,AB,218,8.07,7.85,-
2315078,6,CC,9,AB,9,AB,7,BC,10,AA,9,AB,10,AA,7,BC,9,AB,222,8.22,8.11,-
2315079,5,CD,7,BC,9,AB,6,CC,9,AB,7,BC,9,AB,6,CC,9,AB,191,7.07,6.8,-
2315080,5,CD,7,BC,8,BB,5,CD,10,AA,9,AB,9,AB,7,BC,7,BC,195,7.22,6.69,-
2315081,7,BC,9,AB,10,AA,7,BC,9,AB,10,AA,9,AB,9,AB,8,BB,233,8.63,8.13,-
2315082,6,CC,7,BC,9,AB,7,BC,10,AA,8,BB,8,BB,7,BC,8,BB,204,7.56,6.42,-
2315083,8,BB,9,AB,10,AA,10,AA,9,AB,9,AB,9,AB,10,AA,8,BB,248,9.19,8.91,-
2315084,7,BC,7,BC,9,AB,9,AB,10,AA,8,BB,9,AB,7,BC,10,AA,221,8.19,7.4,-
2315085,6,CC,8,BB,9,AB,7,BC,8,BB,9,AB,8,BB,9,AB,7,BC,214,7.93,7.89,-
2315086,8,BB,8,BB,9,AB,8,BB,10,AA,8,BB,8,BB,5,CD,9,AB,212,7.85,7.33,-
2315087,8,BB,7,BC,8,BB,5,CD,8,BB,8,BB,8,BB,5,CD,7,BC,186,6.89,6.62,-
2315088,6,CC,7,BC,9,AB,8,BB,9,AB,7,BC,8,BB,7,BC,7,BC,200,7.41,7.4,-
2315089,5,CD,5,CD,9,AB,5,CD,8,BB,6,CC,8,BB,6,CC,8,BB,169,6.26,6.15,-
2315090,6,CC,9,AB,9,AB,8,BB,9,AB,9,AB,9,AB,8,BB,9,AB,226,8.37,8.04,-
2315091,8,BB,8,BB,9,AB,6,CC,10,AA,9,AB,9,AB,8,BB,7,BC,218,8.07,7.69,-
2315092,6,CC,8,BB,9,AB,8,BB,9,AB,8,BB,9,AB,7,BC,8,BB,212,7.85,7.55,-
2315093,7,BC,8,BB,10,AA,9,AB,9,AB,7,BC,9,AB,7,BC,9,AB,219,8.11,7.53,-
2315094,5,CD,7,BC,9,AB,8,BB,9,AB,5,CD,8,BB,6,CC,0,F,171,6.33,6.78,-
2315095,8,BB,9,AB,10,AA,5,CD,9,AB,8,BB,9,AB,7,BC,7,BC,210,7.78,7.87,-
2315096,10,AA,10,AA,10,AA,9,AB,10,AA,10,AA,9,AB,10,AA,8,BB,260,9.63,9.25,-
2315097,7,BC,10,AA,10,AA,8,BB,9,AB,10,AA,9,AB,8,BB,7,BC,235,8.70,8.45,-
2315098,6,CC,9,AB,10,AA,7,BC,9,AB,8,BB,9,AB,8,BB,7,BC,216,8.00,7.73,-
2315099,7,BC,7,BC,10,AA,8,BB,9,AB,7,BC,9,AB,7,BC,8,BB,209,7.74,7.04,-
2315100,6,CC,6,CC,9,AB,4,DD,8,BB,5,CD,7,BC,5,CD,9,AB,164,6.07,4.51,-
2316001,8,BB,6,CC,9,AB,8,BB,9,AB,6,CC,8,BB,7,BC,7,BC,198,7.33,6.98,-
2316002,7,BC,5,CD,8,BB,6,CC,5,CD,4,DD,8,BB,5,CD,6,CC,155,5.74,6.22,-
2316003,8,BB,8,BB,9,AB,9,AB,10,AA,6,CC,9,AB,7,BC,6,CC,212,7.85,7.55,-
2316004,8,BB,8,BB,9,AB,9,AB,6,CC,8,BB,9,AB,6,CC,7,BC,210,7.78,7.51,-
2316005,4,DD,5,CD,9,AB,5,CD,5,CD,5,CD,9,AB,5,CD,6,CC,150,5.56,5.8,-
2316006,6,CC,4,DD,8,BB,5,CD,5,CD,0,F,8,BB,0,F,0,F,96,3.56,2.95,-
2316007,9,AB,9,AB,9,AB,6,CC,5,CD,7,BC,9,AB,7,BC,6,CC,201,7.44,7.65,-
2316008,9,AB,8,BB,9,AB,10,AA,10,AA,8,BB,9,AB,9,AB,7,BC,237,8.78,8.51,-
2316009,8,BB,9,AB,9,AB,7,BC,10,AA,7,BC,8,BB,8,BB,6,CC,214,7.93,7.55,-
2316010,9,AB,10,AA,9,AB,10,AA,10,AA,7,BC,9,AB,10,AA,7,BC,245,9.07,8.78,-
2316011,8,BB,9,AB,9,AB,9,AB,9,AB,7,BC,8,BB,6,CC,6,CC,212,7.85,7.65,-
2316012,8,BB,6,CC,8,BB,7,BC,7,BC,6,CC,8,BB,5,CD,5,CD,176,6.52,6.4,-
2316013,9,AB,10,AA,9,AB,9,AB,9,AB,7,BC,9,AB,10,AA,10,AA,245,9.07,8.64,-
2316014,7,BC,6,CC,9,AB,4,DD,7,BC,5,CD,8,BB,5,CD,7,BC,163,6.04,5.64,-
2316015,8,BB,7,BC,9,AB,6,CC,7,BC,5,CD,8,BB,5,CD,8,BB,180,6.67,6.75,-
2316017,10,AA,10,AA,10,AA,9,AB,9,AB,8,BB,9,AB,8,BB,8,BB,242,8.96,8.67,-
2316018,7,BC,7,BC,9,AB,8,BB,10,AA,8,BB,9,AB,9,AB,8,BB,221,8.19,7.78,-
2316019,6,CC,6,CC,9,AB,7,BC,8,BB,6,CC,9,AB,6,CC,7,BC,184,6.81,6.98,-
2316020,8,BB,10,AA,9,AB,10,AA,10,AA,7,BC,8,BB,9,AB,8,BB,238,8.81,8.71,-
2316021,9,AB,7,BC,9,AB,6,CC,10,AA,6,CC,8,BB,7,BC,8,BB,201,7.44,7.24,-
2316022,9,AB,9,AB,9,AB,9,AB,9,AB,8,BB,9,AB,9,AB,8,BB,237,8.78,8.84,-
2316023,8,BB,7,BC,9,AB,5,CD,5,CD,7,BC,8,BB,6,CC,8,BB,184,6.81,6.78,-
2316024,6,CC,8,BB,9,AB,6,CC,5,CD,7,BC,8,BB,8,BB,8,BB,194,7.19,7.13,-
2316025,8,BB,5,CD,9,AB,5,CD,5,CD,4,DD,8,BB,0,F,7,BC,138,5.11,4.27,-
2316026,8,BB,8,BB,9,AB,6,CC,7,BC,6,CC,8,BB,7,BC,6,CC,192,7.11,7.18,-
2316027,8,BB,7,BC,9,AB,7,BC,7,BC,6,CC,9,AB,7,BC,6,CC,194,7.19,6.89,-
2316028,8,BB,9,AB,9,AB,9,AB,7,BC,8,BB,9,AB,8,BB,6,CC,222,8.22,7.87,-
2316029,7,BC,7,BC,9,AB,6,CC,10,AA,6,CC,9,AB,7,BC,7,BC,195,7.22,6.75,-
2316030,8,BB,9,AB,9,AB,8,BB,8,BB,7,BC,8,BB,10,AA,8,BB,226,8.37,7.93,-
2316031,10,AA,9,AB,9,AB,7,BC,8,BB,7,BC,9,AB,7,BC,8,BB,218,8.07,7.84,-
2316032,8,BB,5,CD,9,AB,7,BC,7,BC,5,CD,9,AB,6,CC,7,BC,180,6.67,6.35,-
2316033,7,BC,6,CC,8,BB,5,CD,7,BC,4,DD,9,AB,5,CD,8,BB,165,6.11,6.55,-
2316034,7,BC,7,BC,9,AB,6,CC,7,BC,6,CC,9,AB,7,BC,8,BB,191,7.07,6.85,-
2316035,8,BB,8,BB,9,AB,8,BB,10,AA,6,CC,9,AB,7,BC,7,BC,210,7.78,7.22,-
2316036,8,BB,9,AB,9,AB,9,AB,8,BB,7,BC,9,AB,9,AB,7,BC,226,8.37,8,-
2316037,8,BB,6,CC,9,AB,6,CC,7,BC,0,F,7,BC,6,CC,7,BC,156,5.78,5.15,-
2316038,6,CC,8,BB,9,AB,5,CD,6,CC,6,CC,8,BB,7,BC,8,BB,184,6.81,7.07,-
2316039,9,AB,8,BB,9,AB,7,BC,6,CC,6,CC,9,AB,7,BC,8,BB,203,7.52,7.15,-
2316040,9,AB,6,CC,9,AB,6,CC,7,BC,5,CD,9,AB,0,F,6,CC,157,5.81,4.55,-
2316041,7,BC,6,CC,9,AB,6,CC,7,BC,4,DD,9,AB,4,DD,8,BB,167,6.19,6,-
2316042,8,BB,10,AA,9,AB,10,AA,6,CC,8,BB,9,AB,8,BB,8,BB,232,8.59,8.25,-
2316043,7,BC,6,CC,8,BB,5,CD,5,CD,6,CC,8,BB,6,CC,6,CC,167,6.19,6.33,-
2316044,8,BB,8,BB,10,AA,6,CC,6,CC,6,CC,6,CC,5,CD,7,BC,182,6.74,6.71,-
2316045,9,AB,10,AA,10,AA,10,AA,10,AA,8,BB,9,AB,9,AB,10,AA,253,9.37,9.16,-
2316046,8,BB,9,AB,10,AA,10,AA,10,AA,7,BC,8,BB,8,BB,8,BB,232,8.59,8.27,-
2316047,8,BB,9,AB,10,AA,8,BB,10,AA,7,BC,9,AB,7,BC,8,BB,222,8.22,8.2,-
2316048,8,BB,9,AB,9,AB,8,BB,10,AA,7,BC,8,BB,8,BB,7,BC,220,8.15,7.87,-
2316049,8,BB,7,BC,9,AB,7,BC,10,AA,7,BC,8,BB,6,CC,7,BC,200,7.41,7.27,-
2316050,6,CC,5,CD,9,AB,9,AB,10,AA,5,CD,7,BC,6,CC,6,CC,182,6.74,6.53,-
2316051,9,AB,9,AB,10,AA,6,CC,7,BC,6,CC,8,BB,8,BB,8,BB,209,7.74,7.71,-
2316052,8,BB,8,BB,10,AA,8,BB,8,BB,7,BC,7,BC,7,BC,8,BB,210,7.78,7.55,-
2316053,8,BB,9,AB,10,AA,8,BB,10,AA,7,BC,8,BB,8,BB,7,BC,222,8.22,7.96,-
2316054,9,AB,8,BB,10,AA,10,AA,10,AA,7,BC,7,BC,7,BC,9,AB,227,8.41,8.05,-
2316055,7,BC,6,CC,9,AB,7,BC,10,AA,6,CC,7,BC,7,BC,7,BC,191,7.07,7.18,-
2316056,8,BB,8,BB,10,AA,8,BB,10,AA,7,BC,7,BC,8,BB,9,AB,220,8.15,8.18,-
2316057,9,AB,8,BB,8,BB,6,CC,7,BC,5,CD,8,BB,7,BC,6,CC,189,7.00,6.67,-
2316058,8,BB,8,BB,10,AA,7,BC,7,BC,7,BC,7,BC,8,BB,7,BC,206,7.63,7.55,-
2316059,0,F,0,F,0,F,0,F,0,F,0,F,,,0,F,0,F,0,0.00,0,-
2316060,9,AB,10,AA,10,AA,10,AA,10,AA,8,BB,10,AA,10,AA,10,AA,259,9.59,9.22,-
2316061,6,CC,4,DD,9,AB,5,CD,6,CC,4,DD,6,CC,4,DD,6,CC,140,5.19,4.75,-
2316062,7,BC,7,BC,9,AB,7,BC,6,CC,6,CC,9,AB,7,BC,9,AB,195,7.22,7.38,-
2316063,8,BB,9,AB,10,AA,9,AB,10,AA,8,BB,7,BC,10,AA,10,AA,242,8.96,8.36,-
2316064,8,BB,8,BB,9,AB,8,BB,10,AA,7,BC,9,AB,8,BB,8,BB,220,8.15,7.8,-
2316065,8,BB,8,BB,10,AA,9,AB,10,AA,7,BC,9,AB,8,BB,8,BB,226,8.37,8,-
2316066,9,AB,9,AB,10,AA,10,AA,9,AB,7,BC,9,AB,7,BC,10,AA,235,8.70,8.49,-
2316067,9,AB,7,BC,10,AA,7,BC,9,AB,6,CC,7,BC,7,BC,9,AB,205,7.59,6.91,-
2316068,8,BB,8,BB,10,AA,7,BC,10,AA,6,CC,6,CC,7,BC,7,BC,202,7.48,7.24,-
2316069,8,BB,7,BC,9,AB,5,CD,8,BB,4,DD,8,BB,6,CC,7,BC,176,6.52,6.25,-
2316070,8,BB,7,BC,9,AB,6,CC,9,AB,5,CD,7,BC,4,DD,8,BB,178,6.59,6,-
2316071,7,BC,8,BB,10,AA,9,AB,8,BB,7,BC,7,BC,6,CC,7,BC,205,7.59,7.04,-
2316072,8,BB,7,BC,10,AA,7,BC,9,AB,7,BC,9,AB,4,DD,9,AB,198,7.33,7.27,-
2316073,8,BB,7,BC,10,AA,8,BB,9,AB,6,CC,8,BB,7,BC,7,BC,204,7.56,7.55,-
2316074,8,BB,9,AB,10,AA,8,BB,9,AB,5,CD,7,BC,8,BB,6,CC,208,7.70,7.64,-
2316075,8,BB,6,CC,9,AB,9,AB,8,BB,5,CD,8,BB,5,CD,8,BB,190,7.04,7.16,-
2316076,8,BB,8,BB,10,AA,8,BB,7,BC,6,CC,8,BB,8,BB,7,BC,208,7.70,7.64,-
2316077,8,BB,8,BB,10,AA,9,AB,10,AA,7,BC,8,BB,8,BB,10,AA,228,8.44,8.44,-
2316078,7,BC,8,BB,10,AA,7,BC,5,CD,7,BC,8,BB,6,CC,8,BB,195,7.22,7.09,-
2316079,9,AB,8,BB,9,AB,8,BB,7,BC,5,CD,8,BB,9,AB,7,BC,209,7.74,7.42,-
2316080,8,BB,9,AB,9,AB,10,AA,10,AA,8,BB,10,AA,8,BB,9,AB,240,8.89,8.58,-
2316081,9,AB,8,BB,9,AB,9,AB,10,AA,7,BC,9,AB,9,AB,8,BB,231,8.56,8.58,-
2316082,9,AB,9,AB,10,AA,7,BC,9,AB,5,CD,9,AB,9,AB,7,BC,217,8.04,8.04,-
2316083,9,AB,8,BB,10,AA,7,BC,9,AB,6,CC,8,BB,7,BC,7,BC,207,7.67,7.67,-
2316084,9,AB,8,BB,9,AB,9,AB,10,AA,7,BC,9,AB,7,BC,10,AA,227,8.41,7.95,-
2316085,9,AB,8,BB,10,AA,5,CD,6,CC,8,BB,10,AA,8,BB,8,BB,211,7.81,7.95,-
2316086,8,BB,9,AB,10,AA,10,AA,10,AA,8,BB,9,AB,9,AB,9,AB,244,9.04,8.73,-
2316087,7,BC,8,BB,9,AB,4,DD,6,CC,6,CC,8,BB,5,CD,6,CC,171,6.33,6.64,-
2316088,6,CC,5,CD,10,AA,0,F,7,BC,5,CD,8,BB,5,CD,8,BB,144,5.33,5.58,-
2316089,6,CC,6,CC,9,AB,4,DD,7,BC,4,DD,8,BB,5,CD,6,CC,154,5.70,6.02,-
2316090,6,CC,6,CC,8,BB,5,CD,8,BB,5,CD,6,CC,7,BC,5,CD,164,6.07,6.6,-
2316091,8,BB,8,BB,10,AA,5,CD,8,BB,7,BC,8,BB,5,CD,8,BB,192,7.11,7.38,-
2316092,10,AA,10,AA,10,AA,7,BC,9,AB,8,BB,9,AB,9,AB,9,AB,240,8.89,8.65,-
2316093,7,BC,8,BB,10,AA,5,CD,9,AB,6,CC,8,BB,8,BB,7,BC,197,7.30,6.58,-
2316094,6,CC,8,BB,9,AB,5,CD,10,AA,5,CD,8,BB,6,CC,8,BB,184,6.81,6.18,-
2316095,9,AB,10,AA,10,AA,9,AB,9,AB,7,BC,9,AB,7,BC,9,AB,233,8.63,8.11,-
2316096,6,CC,7,BC,10,AA,5,CD,6,CC,0,F,8,BB,5,CD,6,CC,146,5.41,5.65,-
2316097,8,BB,9,AB,10,AA,7,BC,9,AB,8,BB,8,BB,8,BB,8,BB,222,8.22,7.65,-
2316098,7,BC,8,BB,10,AA,5,CD,9,AB,7,BC,8,BB,8,BB,10,AA,207,7.67,7.44,-
2316099,10,AA,9,AB,10,AA,7,BC,10,AA,6,CC,9,AB,7,BC,10,AA,224,8.30,7.93,-
2316100,10,AA,9,AB,10,AA,7,BC,8,BB,8,BB,9,AB,8,BB,10,AA,232,8.59,8.07,-
2316101,8,BB,9,AB,10,AA,6,CC,7,BC,8,BB,9,AB,7,BC,7,BC,210,7.78,7.64,-
2316102,7,BC,7,BC,9,AB,4,DD,8,BB,6,CC,9,AB,6,CC,7,BC,179,6.63,6.53,-
2316103,8,BB,9,AB,8,BB,5,CD,8,BB,7,BC,8,BB,7,BC,7,BC,198,7.33,7.49,-
2316104,0,F,0,F,0,F,0,F,0,F,0,F,0,F,0,F,0,F,0,0.00,4.07,-
2316106,8,BB,8,BB,8,BB,7,BC,9,AB,6,CC,9,AB,6,CC,8,BB,200,7.41,7.69,-
2316107,10,AA,9,AB,8,BB,9,AB,10,AA,7,BC,9,AB,8,BB,7,BC,230,8.52,8.42,-
2316108,7,BC,7,BC,9,AB,5,CD,7,BC,7,BC,9,AB,7,BC,7,BC,189,7.00,7,-
2316109,7,BC,7,BC,9,AB,7,BC,9,AB,7,BC,8,BB,5,CD,9,AB,195,7.22,6.95,-
2316110,6,CC,4,DD,8,BB,4,DD,6,CC,4,DD,8,BB,5,CD,7,BC,144,5.33,4.47,-
2316111,9,AB,8,BB,10,AA,4,DD,9,AB,6,CC,8,BB,5,CD,10,AA,193,7.15,7.02,-
2316112,7,BC,7,BC,10,AA,6,CC,9,AB,7,BC,9,AB,8,BB,8,BB,205,7.59,7.16,-
2316113,10,AA,10,AA,10,AA,9,AB,10,AA,9,AB,9,AB,9,AB,9,AB,254,9.41,9.04,-
2316114,8,BB,9,AB,10,AA,5,CD,8,BB,8,BB,8,BB,8,BB,8,BB,212,7.85,7.6,-
2316115,7,BC,5,CD,9,AB,4,DD,6,CC,5,CD,8,BB,6,CC,7,BC,161,5.96,6.09,-
2316116,6,CC,5,CD,9,AB,7,BC,7,BC,7,BC,7,BC,7,BC,5,CD,178,6.59,7.45,-
2316117,9,AB,10,AA,10,AA,7,BC,8,BB,8,BB,9,AB,9,AB,8,BB,233,8.63,8.8,-
2316118,10,AA,10,AA,10,AA,8,BB,10,AA,8,BB,9,AB,9,AB,10,AA,248,9.19,9.02,-
2316119,8,BB,8,BB,10,AA,5,CD,8,BB,6,CC,9,AB,5,CD,6,CC,186,6.89,5.71,-
2316120,7,BC,6,CC,9,AB,4,DD,8,BB,5,CD,9,AB,4,DD,6,CC,161,5.96,5.38,-
2316121,6,CC,5,CD,8,BB,4,DD,8,BB,5,CD,8,BB,6,CC,6,CC,158,5.85,5.07,-
2316122,7,BC,8,BB,9,AB,4,DD,9,AB,6,CC,8,BB,8,BB,7,BC,191,7.07,7.31,-
2316123,9,AB,8,BB,10,AA,5,CD,8,BB,8,BB,9,AB,7,BC,8,BB,209,7.74,7.62,-
2316124,9,AB,10,AA,10,AA,10,AA,10,AA,8,BB,10,AA,7,BC,9,AB,245,9.07,8.84,-
2316125,6,CC,5,CD,8,BB,5,CD,8,BB,5,CD,8,BB,8,BB,7,BC,172,6.37,6.47,-
2316126,8,BB,7,BC,9,AB,4,DD,8,BB,7,BC,8,BB,6,CC,7,BC,184,6.81,6.64,-
2316127,8,BB,9,AB,9,AB,7,BC,9,AB,8,BB,9,AB,8,BB,8,BB,222,8.22,7.49,-
2316128,7,BC,6,CC,7,BC,5,CD,8,BB,7,BC,9,AB,6,CC,7,BC,179,6.63,6.89,-
2316129,5,CD,0,F,8,BB,0,F,6,CC,4,DD,8,BB,0,F,6,CC,87,3.22,2.91,-
2316130,7,BC,7,BC,9,AB,4,DD,8,BB,5,CD,10,AA,6,CC,9,AB,181,6.70,7.29,-
2316131,8,BB,10,AA,10,AA,10,AA,10,AA,8,BB,10,AA,8,BB,9,AB,246,9.11,8.76,-
2316132,8,BB,9,AB,10,AA,7,BC,10,AA,8,BB,9,AB,6,CC,8,BB,218,8.07,7.82,-
2316133,6,CC,7,BC,9,AB,6,CC,10,AA,7,BC,10,AA,8,BB,7,BC,202,7.48,7.6,-
2316134,9,AB,9,AB,9,AB,6,CC,10,AA,8,BB,9,AB,8,BB,9,AB,225,8.33,8.11,-
2316135,7,BC,6,CC,9,AB,6,CC,9,AB,7,BC,9,AB,9,AB,7,BC,201,7.44,7.35,-
2316136,7,BC,6,CC,7,BC,4,DD,5,CD,4,DD,9,AB,4,DD,7,BC,149,5.52,5.15,-
2316137,9,AB,9,AB,10,AA,5,CD,10,AA,7,BC,10,AA,9,AB,9,AB,225,8.33,8.36,-
2316138,5,CD,5,CD,9,AB,0,F,5,CD,5,CD,8,BB,6,CC,6,CC,135,5.00,6.02,-
2316139,6,CC,5,CD,9,AB,4,DD,7,BC,4,DD,8,BB,4,DD,7,BC,148,5.48,5.93,-
2316140,5,CD,5,CD,8,BB,0,F,6,CC,6,CC,8,BB,4,DD,7,BC,133,4.93,4.07,-
2316141,9,AB,10,AA,9,AB,6,CC,7,BC,8,BB,8,BB,8,BB,6,CC,215,7.96,7.93,-
2316142,8,BB,7,BC,8,BB,7,BC,9,AB,8,BB,10,AA,8,BB,7,BC,212,7.85,7.95,-
2316143,7,BC,6,CC,8,BB,4,DD,7,BC,7,BC,8,BB,4,DD,7,BC,165,6.11,5.6,-
2316144,9,AB,9,AB,9,AB,9,AB,9,AB,8,BB,9,AB,7,BC,10,AA,233,8.63,8.44,-
2316145,8,BB,6,CC,9,AB,5,CD,8,BB,7,BC,10,AA,6,CC,8,BB,190,7.04,6.95,-
2316146,5,CD,0,F,8,BB,4,DD,7,BC,4,DD,8,BB,0,F,8,BB,109,4.04,4.18,-
2316147,8,BB,8,BB,9,AB,5,CD,8,BB,7,BC,10,AA,6,CC,9,AB,200,7.41,6.91,-
2316148,9,AB,8,BB,9,AB,6,CC,9,AB,8,BB,9,AB,9,AB,9,AB,223,8.26,8,-
2316149,9,AB,10,AA,9,AB,6,CC,9,AB,9,AB,9,AB,7,BC,9,AB,227,8.41,8.25,-
2316150,7,BC,7,BC,10,AA,4,DD,9,AB,8,BB,9,AB,5,CD,7,BC,187,6.93,6.75,-
2316151,8,BB,8,BB,8,BB,7,BC,9,AB,7,BC,8,BB,6,CC,8,BB,202,7.48,7.78,-
2316152,8,BB,6,CC,8,BB,5,CD,10,AA,5,CD,8,BB,4,DD,8,BB,172,6.37,5.4,-
2316153,10,AA,10,AA,10,AA,10,AA,10,AA,8,BB,9,AB,4,DD,10,AA,236,8.74,8.31,-
2316154,7,BC,9,AB,10,AA,6,CC,10,AA,8,BB,9,AB,10,AA,9,AB,229,8.48,8.31,-
2316155,7,BC,8,BB,9,AB,6,CC,10,AA,7,BC,8,BB,9,AB,8,BB,211,7.81,7.76,-
2316156,8,BB,7,BC,9,AB,6,CC,9,AB,7,BC,9,AB,7,BC,7,BC,200,7.41,7.42,-
2316157,8,BB,8,BB,9,AB,6,CC,9,AB,6,CC,9,AB,6,CC,8,BB,198,7.33,7.04,-
2316158,7,BC,7,BC,7,BC,4,DD,9,AB,4,DD,8,BB,6,CC,7,BC,167,6.19,6.27,-
2316159,7,BC,8,BB,8,BB,5,CD,9,AB,7,BC,8,BB,5,CD,10,AA,191,7.07,7.02,-
2316160,6,CC,4,DD,8,BB,4,DD,7,BC,5,CD,8,BB,4,DD,5,CD,142,5.26,4.78,-
2316161,8,BB,10,AA,8,BB,8,BB,9,AB,8,BB,8,BB,7,BC,9,AB,224,8.30,8.25,-
2316162,6,CC,5,CD,8,BB,0,F,7,BC,4,DD,7,BC,4,DD,7,BC,128,4.74,4.44,-
2316163,5,CD,4,DD,8,BB,4,DD,8,BB,5,CD,9,AB,4,DD,8,BB,149,5.52,4.64,-
